{
"type": "FeatureCollection",
"name": "MDK_Province_Boundary",
"crs": { "type": "name", "properties": { "name": "urn:ogc:def:crs:OGC:1.3:CRS84" } },
"features": [
{ "type": "Feature", "properties": { "Id": 0, "Area": 13714787709.5, "HRName": "Mondul Kiri", "HRPCode": "KH11", "HRParent": "KH", "PRO_CODE": 11, "Pro_txt": "11" }, "geometry": { "type": "Polygon", "coordinates": [ [ [ 106.419106681407314, 13.417068474087642 ], [ 106.420022582956904, 13.416763874561925 ], [ 106.420693109663887, 13.416445964388775 ], [ 106.422009672497651, 13.415866775853493 ], [ 106.423384593204986, 13.415299681565877 ], [ 106.424384036176605, 13.414776509704524 ], [ 106.425313264111125, 13.414287630701521 ], [ 106.426253282308863, 13.413867615995231 ], [ 106.427170041192383, 13.413516658045435 ], [ 106.436028819479191, 13.408083191472778 ], [ 106.446017783250824, 13.401783070729156 ], [ 106.447335642170643, 13.4009630712268 ], [ 106.448723455385064, 13.4001652638596 ], [ 106.449593939291816, 13.399619012957752 ], [ 106.450347323164991, 13.399082471875609 ], [ 106.451264407596497, 13.398513348655758 ], [ 106.452488129059446, 13.397784263790484 ], [ 106.453311334488589, 13.397248443329589 ], [ 106.454087907876072, 13.396828145819715 ], [ 106.455075147548087, 13.396316235221223 ], [ 106.456215989771508, 13.395724338079146 ], [ 106.457144196511237, 13.395281688215055 ], [ 106.458156493903218, 13.394620467161369 ], [ 106.459097039940431, 13.394120111748032 ], [ 106.460390080044462, 13.393505848870522 ], [ 106.461423880309624, 13.393063704238859 ], [ 106.462258844948266, 13.392665645781403 ], [ 106.463316222680177, 13.392210928765483 ], [ 106.464551276601256, 13.391459126535135 ], [ 106.465515090285678, 13.390993643832863 ], [ 106.466655581730805, 13.390448034160787 ], [ 106.467172206886602, 13.390278931405637 ], [ 106.468252767790375, 13.389939316222534 ], [ 106.468851842222477, 13.389758431388982 ], [ 106.469368236503172, 13.389646953394296 ], [ 106.470096367166448, 13.389431416082408 ], [ 106.470847866416349, 13.389263199527402 ], [ 106.471681246440895, 13.389084334209986 ], [ 106.472326920564569, 13.388880569854306 ], [ 106.472914309580958, 13.388677144610943 ], [ 106.473971261900786, 13.388348944598285 ], [ 106.474910539472788, 13.388124252654309 ], [ 106.475861788738854, 13.387875759029113 ], [ 106.476390223811194, 13.387752897355222 ], [ 106.477012524178548, 13.387502930505564 ], [ 106.477718385051162, 13.387139478676644 ], [ 106.478870065930863, 13.386638951375692 ], [ 106.479774441840377, 13.386276591593081 ], [ 106.481079427471613, 13.385650862864424 ], [ 106.482007904114113, 13.385173098897242 ], [ 106.483089603932143, 13.384650365983338 ], [ 106.484311389489903, 13.384105336039243 ], [ 106.485005402838254, 13.383695606817628 ], [ 106.485864033846482, 13.383217111357514 ], [ 106.486616554243497, 13.38275053608343 ], [ 106.487310637067893, 13.38225944346102 ], [ 106.488016403637346, 13.381792009650113 ], [ 106.488887153946621, 13.381221907663209 ], [ 106.489781496278994, 13.380641493469446 ], [ 106.490380987291843, 13.380253776593795 ], [ 106.491169341120624, 13.379705621826252 ], [ 106.491947486471901, 13.378905545496291 ], [ 106.492548220050153, 13.378346064515672 ], [ 106.493042465042691, 13.377923934644766 ], [ 106.493690801191804, 13.377317841933683 ], [ 106.494362445135394, 13.376655112986274 ], [ 106.495292993867722, 13.375775031290717 ], [ 106.496011520281911, 13.375043093987795 ], [ 106.497361813620543, 13.374015889769185 ], [ 106.499725862119107, 13.371106955781341 ], [ 106.501964277898381, 13.368419089561538 ], [ 106.504169166657547, 13.365915588423151 ], [ 106.506485029842437, 13.362891637192906 ], [ 106.507591586069083, 13.36147261607438 ], [ 106.508943124976, 13.360015974532379 ], [ 106.510136255240511, 13.358976091872464 ], [ 106.510732159221376, 13.357932986833029 ], [ 106.511091903492655, 13.355843830200669 ], [ 106.512752408633176, 13.354717533256629 ], [ 106.513609920811561, 13.353992636762124 ], [ 106.515681009378014, 13.353850311681098 ], [ 106.51663268195469, 13.354069475610993 ], [ 106.517413865099442, 13.353782312419387 ], [ 106.518347881844207, 13.35265355321348 ], [ 106.519430374622701, 13.352110341019117 ], [ 106.51980921237751, 13.351518239412963 ], [ 106.521096722386048, 13.350545543250274 ], [ 106.523598810881836, 13.349304526771284 ], [ 106.52509486615115, 13.349020952983521 ], [ 106.52739105453746, 13.34908396060553 ], [ 106.530456565908494, 13.348814621540402 ], [ 106.532854735152753, 13.347666802297956 ], [ 106.534814353284929, 13.347975845611396 ], [ 106.538772403170654, 13.348799297155832 ], [ 106.541746890528415, 13.349647879148485 ], [ 106.544181383584203, 13.350411579726128 ], [ 106.546047490538896, 13.350709802822466 ], [ 106.549630717089315, 13.350651758788265 ], [ 106.552140461214677, 13.350907582204179 ], [ 106.554414586513317, 13.351039403263467 ], [ 106.557305263026251, 13.350864594873702 ], [ 106.558951606904429, 13.349552799608766 ], [ 106.56091548776719, 13.347467302365715 ], [ 106.562681167278612, 13.34542934153472 ], [ 106.564589568944442, 13.343608565879356 ], [ 106.566571237095729, 13.341970372587024 ], [ 106.568650924993079, 13.339790327692281 ], [ 106.570767235418103, 13.337747893606309 ], [ 106.572357535235696, 13.335734694519129 ], [ 106.572719117833913, 13.334729085310347 ], [ 106.57413465339414, 13.33370902928139 ], [ 106.577568598832954, 13.333007490332539 ], [ 106.580737454459694, 13.332621674963168 ], [ 106.582947543092899, 13.331451993732784 ], [ 106.585525091296773, 13.329748941577742 ], [ 106.589573806044712, 13.327704463852506 ], [ 106.592951563546549, 13.325404259663468 ], [ 106.59601203221321, 13.323026917969957 ], [ 106.598616603705025, 13.320723600287398 ], [ 106.600866275437426, 13.319024737658209 ], [ 106.60290951730066, 13.318572316294722 ], [ 106.604016614016686, 13.319018418921921 ], [ 106.605185755971732, 13.319774847191159 ], [ 106.606003534248501, 13.320524452065136 ], [ 106.60723698679756, 13.321670279146964 ], [ 106.608199465599867, 13.322752281047947 ], [ 106.633697645558954, 13.305398215740171 ], [ 106.651590493485912, 13.293028543431427 ], [ 106.659355073466429, 13.287660002950574 ], [ 106.665465018519512, 13.283435186509502 ], [ 106.711764470819006, 13.251818726487958 ], [ 106.712063495006873, 13.251613346118473 ], [ 106.718537469531597, 13.247006353768869 ], [ 106.746006852314935, 13.227453371986041 ], [ 106.761669585287706, 13.212673051424209 ], [ 106.775118267819835, 13.199980026304811 ], [ 106.775987555247369, 13.199318700640822 ], [ 106.7766679740201, 13.198930970113164 ], [ 106.777500618293359, 13.198545571620915 ], [ 106.778474009941007, 13.198090274289044 ], [ 106.779095133232374, 13.197795595241969 ], [ 106.780453603891885, 13.197492400976291 ], [ 106.78219584043012, 13.197478024094215 ], [ 106.783482743093515, 13.197324448989633 ], [ 106.785271600262149, 13.197299557223898 ], [ 106.787483462101619, 13.197011843882214 ], [ 106.789169796854807, 13.19652667566857 ], [ 106.791207428806231, 13.196067286561536 ], [ 106.7937467514448, 13.195701533209659 ], [ 106.795559772193499, 13.195514839013141 ], [ 106.796672414303572, 13.195187300129223 ], [ 106.797985500557786, 13.194597362765606 ], [ 106.799976294283013, 13.19412467863893 ], [ 106.801955371248411, 13.193549249778192 ], [ 106.804075113714134, 13.192973945750829 ], [ 106.830071001968477, 13.18608762363313 ], [ 106.831054992988228, 13.185839949861133 ], [ 106.831395320401199, 13.185555069866957 ], [ 106.831924762728448, 13.185040619396627 ], [ 106.832394606232285, 13.184652001364034 ], [ 106.83350964677534, 13.183888197107949 ], [ 106.83468371089559, 13.183077644466691 ], [ 106.835880279723952, 13.182348270879791 ], [ 106.843817153836042, 13.180527715722638 ], [ 106.847340114226, 13.179913740102629 ], [ 106.847726351282589, 13.179835261253441 ], [ 106.84831122038851, 13.179722586714359 ], [ 106.849307467839239, 13.179348223833459 ], [ 106.850490966539823, 13.178883253257002 ], [ 106.860165366999667, 13.175726704863859 ], [ 106.861288811158929, 13.175559256607595 ], [ 106.862494576388869, 13.175300822881274 ], [ 106.863325936386303, 13.175006692724754 ], [ 106.86461333480581, 13.174795107413043 ], [ 106.865759974470734, 13.17457098260291 ], [ 106.866917807012328, 13.174530925176269 ], [ 106.868273492379075, 13.174583192289514 ], [ 106.872624556907596, 13.174259984069211 ], [ 106.873805044356757, 13.174243455757262 ], [ 106.874716771480081, 13.174362198889357 ], [ 106.876153557657105, 13.174542625065918 ], [ 106.877124022605685, 13.174501631937197 ], [ 106.879192233505648, 13.174706794087568 ], [ 106.880384196129867, 13.174759066521148 ], [ 106.881914000799995, 13.175041586923225 ], [ 106.883900042955901, 13.175281205236111 ], [ 106.885149772090855, 13.175574800092726 ], [ 106.887486501155493, 13.175838925770542 ], [ 106.888713147488161, 13.175903330667428 ], [ 106.890116191635244, 13.175967559190818 ], [ 106.891356410152156, 13.175697442380306 ], [ 106.893310550165168, 13.175385899067891 ], [ 106.895030752934204, 13.175164190310092 ], [ 106.897113118048892, 13.174886693347117 ], [ 106.898539309394636, 13.174814005225461 ], [ 106.899683765987163, 13.175060856489328 ], [ 106.90136328812747, 13.175769196066188 ], [ 106.901876591418912, 13.176025233946982 ], [ 106.902736852754103, 13.17686842841321 ], [ 106.903530062114228, 13.177239879445814 ], [ 106.904463844886379, 13.177450989096426 ], [ 106.90516402415804, 13.177719189336164 ], [ 106.905685853484925, 13.178480153392041 ], [ 106.905938278081294, 13.178714515172903 ], [ 106.906220627595133, 13.178976659521533 ], [ 106.907019405238088, 13.178279312615155 ], [ 106.907697670709226, 13.178248283049152 ], [ 106.909052259978907, 13.178530808358506 ], [ 106.909917395345104, 13.178511939288496 ], [ 106.910738168827521, 13.17812509984207 ], [ 106.911429021013547, 13.177933543054289 ], [ 106.91233803335173, 13.178443060332393 ], [ 106.913294494618299, 13.178826818709705 ], [ 106.914628349204591, 13.178592043946736 ], [ 106.915680271311189, 13.178723146558099 ], [ 106.91646472709688, 13.178485686876776 ], [ 106.917146012808828, 13.177880700528776 ], [ 106.918050415083641, 13.177057132145821 ], [ 106.919245520775362, 13.176625667281133 ], [ 106.920030619676965, 13.176250365234827 ], [ 106.920615961111238, 13.176058444619249 ], [ 106.92112088486914, 13.175681848816579 ], [ 106.922127226501857, 13.175513885530345 ], [ 106.922783502125384, 13.175252514823923 ], [ 106.923683477647572, 13.175268361847412 ], [ 106.924243398227205, 13.175512704803017 ], [ 106.924888432979543, 13.175067266079633 ], [ 106.925675609772711, 13.174369956338831 ], [ 106.92702017103025, 13.174330486651087 ], [ 106.927756693946563, 13.174380309697179 ], [ 106.928867326240933, 13.174281581490066 ], [ 106.92980169125272, 13.174493722755253 ], [ 106.930453393733188, 13.175048039103608 ], [ 106.931131638528257, 13.175016949127436 ], [ 106.932176028810147, 13.174263458770767 ], [ 106.933324123204827, 13.173797265206007 ], [ 106.934470280689339, 13.173745693826156 ], [ 106.935918030878113, 13.17407482270818 ], [ 106.936933938605094, 13.174320213929438 ], [ 106.937997192405561, 13.174428545281501 ], [ 106.938850035677419, 13.174536203512586 ], [ 106.940215720636985, 13.174911115835453 ], [ 106.94125499989461, 13.175122419872265 ], [ 106.942176616419104, 13.175471308103077 ], [ 106.942990426553195, 13.17625708481242 ], [ 106.943339479547021, 13.176660013624296 ], [ 106.943935382626321, 13.1766408107961 ], [ 106.944918853178351, 13.176426614525269 ], [ 106.94613442792398, 13.176478398801132 ], [ 106.947313593507744, 13.176737193505227 ], [ 106.94813754331949, 13.177855014259142 ], [ 106.948661378232046, 13.178271292722604 ], [ 106.949283219925405, 13.177814676386264 ], [ 106.949498733769985, 13.176930721877998 ], [ 106.950143297856968, 13.176577865886625 ], [ 106.95166246030756, 13.176677023624602 ], [ 106.953213336329256, 13.177431169557208 ], [ 106.95467219062273, 13.177920521492744 ], [ 106.955523051417345, 13.17843031703935 ], [ 106.956756673805501, 13.179446694170259 ], [ 106.957702587962018, 13.17965750987641 ], [ 106.958740150011806, 13.180156830190427 ], [ 106.95930952964072, 13.180860813597782 ], [ 106.959550347208122, 13.181711911584436 ], [ 106.95975784526351, 13.18228761219698 ], [ 106.9607271080028, 13.182533257886952 ], [ 106.961614537691474, 13.182709482969678 ], [ 106.962557917526354, 13.183323607169109 ], [ 106.963420403446079, 13.183913493069371 ], [ 106.964343449160381, 13.183929015819684 ], [ 106.965420848361845, 13.183566026466847 ], [ 106.966370498825285, 13.183087652599287 ], [ 106.967038869753111, 13.182758296788709 ], [ 106.967442615572537, 13.182468803110954 ], [ 106.967707767562501, 13.18227868323376 ], [ 106.967978794076146, 13.181785177640814 ], [ 106.968494758893655, 13.18150104712959 ], [ 106.969687497075242, 13.181506572336357 ], [ 106.97060936981967, 13.181809029903429 ], [ 106.971739419792954, 13.182480427871003 ], [ 106.972497674233949, 13.182794303081025 ], [ 106.972884539828584, 13.182658020286302 ], [ 106.973671513492903, 13.18188037043201 ], [ 106.974129662837399, 13.181504038573454 ], [ 106.974623935681691, 13.181443917018768 ], [ 106.975041880819148, 13.181393078811713 ], [ 106.975501444368973, 13.180762550193617 ], [ 106.976604012609172, 13.180020871189202 ], [ 106.977670486158317, 13.179451182761067 ], [ 106.977783379767217, 13.179373079856669 ], [ 106.978444966306256, 13.178915375273025 ], [ 106.97941946616794, 13.178092205370593 ], [ 106.980158259817827, 13.177635749307949 ], [ 106.981372908964843, 13.177860216077535 ], [ 106.983004477096387, 13.178890322607469 ], [ 106.9843003870796, 13.17918305905901 ], [ 106.985115024318119, 13.179338892006289 ], [ 106.985713713332046, 13.179453413610542 ], [ 106.986097729311382, 13.179823241647636 ], [ 106.985545416408698, 13.180314421480396 ], [ 106.985069607179213, 13.180696562827869 ], [ 106.984876453228679, 13.180851691293867 ], [ 106.985518998074781, 13.180969853454702 ], [ 106.98634783478316, 13.181100127761125 ], [ 106.987165902413651, 13.181253076965296 ], [ 106.987739460466145, 13.181037376567165 ], [ 106.988536744397194, 13.180615463812735 ], [ 106.98966922802002, 13.180942198481722 ], [ 106.990334142561522, 13.181117789704873 ], [ 106.990825688395816, 13.181097027637337 ], [ 106.991933635920645, 13.181596787406194 ], [ 106.993169332251057, 13.182210776615566 ], [ 106.993836566695293, 13.182511478812348 ], [ 106.993992747411724, 13.182581863639927 ], [ 106.994044122643672, 13.182605016948337 ], [ 106.994732650063483, 13.182919364882791 ], [ 106.99538482844217, 13.183300645445888 ], [ 106.995756038190038, 13.183865993006894 ], [ 106.996197854884599, 13.184323468726337 ], [ 106.996511814295886, 13.184510812350494 ], [ 106.99692331134888, 13.18428618670068 ], [ 106.997356760114329, 13.184209379724193 ], [ 106.99772552178031, 13.184685496980048 ], [ 106.998474218925878, 13.184670622424807 ], [ 106.99947757017857, 13.185093468945391 ], [ 107.000092007330764, 13.184942427962106 ], [ 107.000467640490982, 13.185250267779407 ], [ 107.000987587712288, 13.184743648964389 ], [ 107.001247744085447, 13.18482371956067 ], [ 107.001512189317822, 13.185223830606494 ], [ 107.001868127350548, 13.185403857487913 ], [ 107.002168993498429, 13.185693998145554 ], [ 107.00214219808116, 13.185759668718404 ], [ 107.002004367522943, 13.186097459823888 ], [ 107.002193153003134, 13.1863701956533 ], [ 107.002660430982147, 13.186476227794129 ], [ 107.002644007187826, 13.186750567034478 ], [ 107.002590570861514, 13.187061757201848 ], [ 107.002982186162143, 13.187040414708452 ], [ 107.003394619753664, 13.18723767210073 ], [ 107.003419808012254, 13.187424522744418 ], [ 107.00345378312727, 13.187676552524161 ], [ 107.003902407826132, 13.18778272784316 ], [ 107.004499382816633, 13.18777805779477 ], [ 107.004834138468027, 13.187647473351781 ], [ 107.005301866450964, 13.187808339464739 ], [ 107.00572092583684, 13.187414083941423 ], [ 107.006027938729218, 13.187619848452004 ], [ 107.006406099162476, 13.187409157406945 ], [ 107.006583724519302, 13.187140198676085 ], [ 107.007089359779826, 13.187373886785783 ], [ 107.007552313280328, 13.186949804295249 ], [ 107.008242861208146, 13.186980954100871 ], [ 107.008819834187236, 13.18681190469926 ], [ 107.009133590459129, 13.186834024933018 ], [ 107.009286515937518, 13.186844806815312 ], [ 107.009677680785416, 13.186768616849818 ], [ 107.010107948581506, 13.186911486613669 ], [ 107.010426882540443, 13.187128351260437 ], [ 107.010687907741499, 13.187108022629285 ], [ 107.010738999797269, 13.186942025470403 ], [ 107.010366883133401, 13.186635245324878 ], [ 107.010420458750716, 13.186342334966504 ], [ 107.010699689841928, 13.186267020930519 ], [ 107.010851473108573, 13.186576600878647 ], [ 107.011054738643935, 13.186337357395042 ], [ 107.011258900466359, 13.186207790233281 ], [ 107.011451540162298, 13.185889715752317 ], [ 107.011741545905551, 13.185911511448579 ], [ 107.012171962316884, 13.186072656889829 ], [ 107.01265400798269, 13.185703259318833 ], [ 107.012745040923164, 13.185428334901795 ], [ 107.012648774073853, 13.185063478543444 ], [ 107.012683692041676, 13.184770714635672 ], [ 107.013020629627661, 13.184688966802408 ], [ 107.01329064841859, 13.18457726697911 ], [ 107.013549719142304, 13.184395611902463 ], [ 107.013237512670059, 13.184053420487452 ], [ 107.013383313058924, 13.183631820949177 ], [ 107.013681494612555, 13.183592916717751 ], [ 107.014092953566163, 13.183717647788779 ], [ 107.014299356101688, 13.183862270240535 ], [ 107.014432336327033, 13.184153714345651 ], [ 107.014528156158178, 13.184463731616328 ], [ 107.014788878220358, 13.184406840219088 ], [ 107.014784986424232, 13.183931575443451 ], [ 107.015082718760297, 13.183837831464682 ], [ 107.015363742541652, 13.183981866186022 ], [ 107.015669473166696, 13.18413154989277 ], [ 107.01565345897879, 13.184498823257247 ], [ 107.015393998678093, 13.18470307718669 ], [ 107.015027468147764, 13.185066328096696 ], [ 107.015245284513952, 13.185463525079614 ], [ 107.015546762303885, 13.185826765778145 ], [ 107.016107916623255, 13.186005156966726 ], [ 107.016283413695533, 13.185598328611055 ], [ 107.016007600299773, 13.185146759216538 ], [ 107.016560504171721, 13.184955988666028 ], [ 107.016694244135749, 13.184702621712827 ], [ 107.016991827372109, 13.184590596441131 ], [ 107.017242571609231, 13.184619625050342 ], [ 107.017450948812836, 13.184794215580581 ], [ 107.017642506402893, 13.184311265445496 ], [ 107.017826508663106, 13.183999047606015 ], [ 107.018126638281373, 13.184197770137866 ], [ 107.018222912419674, 13.1845626233375 ], [ 107.018173953269908, 13.184951197884157 ], [ 107.017948933288849, 13.185277722783942 ], [ 107.01811892918802, 13.185532311416644 ], [ 107.018830374081176, 13.185837476844444 ], [ 107.019410334589082, 13.186033992477586 ], [ 107.019711368388613, 13.18634238843679 ], [ 107.020567705511979, 13.18611627099599 ], [ 107.021051237950985, 13.185929652072911 ], [ 107.021521972851446, 13.186456073601988 ], [ 107.021505870716382, 13.186766969903131 ], [ 107.022139095532751, 13.186634009170987 ], [ 107.022940667377085, 13.18655455923763 ], [ 107.023392751435949, 13.187081124748158 ], [ 107.023859282190969, 13.187095720073255 ], [ 107.024304900749115, 13.186836273094874 ], [ 107.024563878402702, 13.186559172460255 ], [ 107.024597666617339, 13.186139300899466 ], [ 107.025212834224817, 13.186079598028819 ], [ 107.025609106744568, 13.186624879462999 ], [ 107.026184555541235, 13.186273000704556 ], [ 107.026721487480614, 13.185775181856878 ], [ 107.027227282616252, 13.186027106793968 ], [ 107.027541858265394, 13.185713849500054 ], [ 107.027948954008338, 13.185308458260572 ], [ 107.027974630179699, 13.185302361711745 ], [ 107.028414313568732, 13.185197967256197 ], [ 107.028454900646366, 13.185578660544676 ], [ 107.028660859417982, 13.185668432326933 ], [ 107.029421181190642, 13.18510527132287 ], [ 107.029829037691997, 13.184800000450801 ], [ 107.030128120135245, 13.184870752403102 ], [ 107.030281886040072, 13.185417947539786 ], [ 107.030597782271499, 13.185463097113427 ], [ 107.031103006666839, 13.185448000290449 ], [ 107.031192357888628, 13.184972001014533 ], [ 107.031505260952613, 13.184852659825046 ], [ 107.032178050980477, 13.184598578146113 ], [ 107.032191572267891, 13.183976936903475 ], [ 107.031924215498833, 13.183229559586614 ], [ 107.031923865584858, 13.183187185710203 ], [ 107.031920290980423, 13.182754299819363 ], [ 107.031544629641672, 13.182446510307345 ], [ 107.031503547345778, 13.181989825912115 ], [ 107.031576517786249, 13.181613317985251 ], [ 107.031724084249106, 13.181585908006745 ], [ 107.032173469249358, 13.181722709778557 ], [ 107.032658540151772, 13.18210744595962 ], [ 107.032899782060269, 13.181631426741536 ], [ 107.033310336495077, 13.181646451047962 ], [ 107.033571048440066, 13.181589541577958 ], [ 107.034168148536708, 13.181603083460653 ], [ 107.03460926947686, 13.181277477559901 ], [ 107.034761141720651, 13.181077870163911 ], [ 107.034846979463964, 13.180965051184071 ], [ 107.034908440820715, 13.180884271863375 ], [ 107.035335984996394, 13.180698073246843 ], [ 107.035539068602205, 13.180440535538482 ], [ 107.035234549583279, 13.17971173750681 ], [ 107.035467686189662, 13.178576503157323 ], [ 107.036413702862419, 13.177815393253981 ], [ 107.036676139415874, 13.178073334663738 ], [ 107.036993414381399, 13.178089094871524 ], [ 107.037290219923761, 13.177885651655432 ], [ 107.037007077766958, 13.177485733719257 ], [ 107.036613068740763, 13.177214658045859 ], [ 107.036959794998495, 13.176029564374552 ], [ 107.036506793448041, 13.175643389629828 ], [ 107.036633440821703, 13.17516709385484 ], [ 107.036798985146376, 13.174706865864888 ], [ 107.037093573806999, 13.174502314913326 ], [ 107.037316838746122, 13.174339048520052 ], [ 107.037201435360743, 13.173919516561744 ], [ 107.037290773649175, 13.17344351708457 ], [ 107.03760577468374, 13.173185088720151 ], [ 107.0376403594599, 13.172855767160943 ], [ 107.037726551622171, 13.17228087248693 ], [ 107.037913059714413, 13.171994423033967 ], [ 107.038495718109075, 13.172519923169467 ], [ 107.039575222913797, 13.172218855167971 ], [ 107.039811265756981, 13.171980757699018 ], [ 107.040020797098151, 13.171959386885721 ], [ 107.040264508770946, 13.172103691010985 ], [ 107.040655482665358, 13.172009178749477 ], [ 107.040805319365717, 13.172081108322882 ], [ 107.040993827484684, 13.172317252693334 ], [ 107.041013995923606, 13.172499894815765 ], [ 107.040997160304812, 13.172719393205639 ], [ 107.041345856314067, 13.172767227535982 ], [ 107.041170802497035, 13.17341266439983 ], [ 107.041099520422065, 13.17381539872172 ], [ 107.041416031613991, 13.173739758514001 ], [ 107.041785928688952, 13.173352926884061 ], [ 107.042160372213473, 13.173514467957348 ], [ 107.042515535440558, 13.173500481001787 ], [ 107.042686018112974, 13.173912449148576 ], [ 107.043001164657284, 13.173672294564909 ], [ 107.043447828493456, 13.173019352877418 ], [ 107.043708505938625, 13.172688542731411 ], [ 107.04401356297808, 13.172635277132862 ], [ 107.044506519258732, 13.172983925859386 ], [ 107.045105113169555, 13.173180237117423 ], [ 107.045510944398785, 13.172628591341553 ], [ 107.045735397411136, 13.172699922644664 ], [ 107.045830640852756, 13.172936806657544 ], [ 107.045852636198916, 13.173338797117337 ], [ 107.045984731590835, 13.173520546300782 ], [ 107.046320653953913, 13.1735361460024 ], [ 107.046782899866145, 13.173038889976052 ], [ 107.047117453896547, 13.172889977576519 ], [ 107.047527990136359, 13.172904980213564 ], [ 107.047890543453903, 13.172866526924514 ], [ 107.04790076332057, 13.172865443071144 ], [ 107.048177378559515, 13.172479348608203 ], [ 107.04855075907237, 13.172512927233297 ], [ 107.048611130086599, 13.173042572416858 ], [ 107.048855911311577, 13.173314821039625 ], [ 107.049211855519886, 13.173494779766944 ], [ 107.049681093480643, 13.173838354253938 ], [ 107.049762261331765, 13.174239274036816 ], [ 107.049166085869459, 13.174719922637959 ], [ 107.049205067427124, 13.174920693684946 ], [ 107.049541752053585, 13.175027684081183 ], [ 107.05000490509758, 13.17464009673224 ], [ 107.050600918664884, 13.174525650125709 ], [ 107.050808699897985, 13.174834751997546 ], [ 107.050998575003888, 13.175339292567669 ], [ 107.051542143946506, 13.175541813978414 ], [ 107.051638612738614, 13.175924926784665 ], [ 107.051679575962908, 13.176363325094401 ], [ 107.051659262726488, 13.17652478922601 ], [ 107.051592094969749, 13.17705867307124 ], [ 107.051711636708689, 13.17797172828827 ], [ 107.05227705272452, 13.178661850311826 ], [ 107.053454556751518, 13.178926624315308 ], [ 107.054054237575656, 13.179250863606715 ], [ 107.054523950894392, 13.179649263240801 ], [ 107.054800237494675, 13.179847973300197 ], [ 107.055224121750953, 13.18015283796781 ], [ 107.055769331860944, 13.181339335312511 ], [ 107.056237982859514, 13.18160977875584 ], [ 107.057175303359784, 13.181322201135359 ], [ 107.058526815475048, 13.18091504077397 ], [ 107.059409075122531, 13.181566038764084 ], [ 107.059731860517459, 13.182239809726392 ], [ 107.060109845041211, 13.182821735576939 ], [ 107.060381263007329, 13.184044322262892 ], [ 107.060222555432929, 13.185142405726035 ], [ 107.060489691417743, 13.185853182504269 ], [ 107.061110655190035, 13.186487992665143 ], [ 107.061756343702186, 13.187097356162525 ], [ 107.062701779875539, 13.187455938543115 ], [ 107.063850514868676, 13.187733559925846 ], [ 107.064193267098901, 13.188461685087809 ], [ 107.063905420381531, 13.189124850988021 ], [ 107.063824736804165, 13.190089095272066 ], [ 107.063754641756844, 13.1909342376039 ], [ 107.064099455850226, 13.19136133595374 ], [ 107.064865649476431, 13.191657665265803 ], [ 107.065500389097124, 13.191779918661037 ], [ 107.066039247826694, 13.192093999211581 ], [ 107.066546288615982, 13.192438296458135 ], [ 107.067138282110037, 13.192846972474131 ], [ 107.067659443740425, 13.193466078645477 ], [ 107.068036228718327, 13.193829227289774 ], [ 107.068595940278144, 13.194263083658207 ], [ 107.068977416626367, 13.194657638698246 ], [ 107.069488799137275, 13.19493930880814 ], [ 107.070010957800861, 13.194848156999528 ], [ 107.070415417663085, 13.194637909454151 ], [ 107.071078772746958, 13.194298198326525 ], [ 107.071318738120297, 13.193850461485086 ], [ 107.071855082280152, 13.193493433162013 ], [ 107.072336161689151, 13.193325742271862 ], [ 107.073163662804703, 13.193565309529077 ], [ 107.073693500957191, 13.194133746639034 ], [ 107.074481333202527, 13.195066719421272 ], [ 107.075007318421768, 13.19577891404251 ], [ 107.07511193087781, 13.196621892466382 ], [ 107.075060348850144, 13.197181924839382 ], [ 107.075007735985253, 13.19775314643161 ], [ 107.074690699951233, 13.198695069341515 ], [ 107.074953898759759, 13.199075046522774 ], [ 107.075848128445728, 13.199291203168384 ], [ 107.07637534354302, 13.199193167885317 ], [ 107.077255665962937, 13.198927339011979 ], [ 107.077924382564916, 13.19870068433506 ], [ 107.078800326892591, 13.198827820486867 ], [ 107.079391303681462, 13.199316675503912 ], [ 107.079990473751096, 13.200092391665075 ], [ 107.080465913899104, 13.201402566736485 ], [ 107.080855135627417, 13.201945833241654 ], [ 107.081123672677734, 13.202320649121447 ], [ 107.081972640870049, 13.202791379694565 ], [ 107.082993548350402, 13.203455767975854 ], [ 107.08375601706301, 13.20422569103796 ], [ 107.084216920887883, 13.20492246890778 ], [ 107.084018812019821, 13.205937147678787 ], [ 107.083936196634127, 13.206309895745409 ], [ 107.083876199169325, 13.206899467591386 ], [ 107.083521563125316, 13.207236700878983 ], [ 107.082745400250317, 13.207688813284685 ], [ 107.082358938490415, 13.208105909385539 ], [ 107.082025135429163, 13.208984290986621 ], [ 107.081611436018591, 13.210022534425427 ], [ 107.081552648082422, 13.210755387616258 ], [ 107.081979983911495, 13.21132507144992 ], [ 107.083054313739098, 13.21153922063157 ], [ 107.083834404645557, 13.211548786791941 ], [ 107.084212864542209, 13.212102943357484 ], [ 107.084332554982041, 13.2128024989614 ], [ 107.084421370964606, 13.213693359110254 ], [ 107.084360024661066, 13.21412373036574 ], [ 107.08414242096454, 13.214864806273923 ], [ 107.083393042335658, 13.215070958260648 ], [ 107.082306633633408, 13.215350467857752 ], [ 107.081986913614315, 13.215973997348536 ], [ 107.081662255566059, 13.217101357403056 ], [ 107.081384559419661, 13.21776207315261 ], [ 107.081965373090682, 13.218242084742496 ], [ 107.082603495623644, 13.218709077864954 ], [ 107.083376583568764, 13.219658454337528 ], [ 107.083507647116278, 13.2209130878349 ], [ 107.084478419054705, 13.222322154475563 ], [ 107.08489548890276, 13.223592443226101 ], [ 107.085115128163039, 13.224577761543252 ], [ 107.085121354334163, 13.225310082398838 ], [ 107.084932580378478, 13.226043994516179 ], [ 107.084904818388992, 13.226601460656143 ], [ 107.084891951683346, 13.22699959392822 ], [ 107.084701416906569, 13.227526545905924 ], [ 107.084121148645792, 13.228088520079648 ], [ 107.083573377409323, 13.228650228230768 ], [ 107.083108343829409, 13.229386393971927 ], [ 107.083113348878129, 13.229975435669402 ], [ 107.083639447856797, 13.230687595890013 ], [ 107.084405243819276, 13.230920164550746 ], [ 107.085906388809704, 13.230989544828216 ], [ 107.086556116457572, 13.231587210106872 ], [ 107.087352965834555, 13.232349106669005 ], [ 107.088151945737508, 13.233081357024609 ], [ 107.088784210945036, 13.233686502264158 ], [ 107.089227587750599, 13.234224192437912 ], [ 107.089560471311017, 13.235144891135944 ], [ 107.089117197074884, 13.235733752334083 ], [ 107.088575834540876, 13.235933079772526 ], [ 107.087795062641405, 13.235788619188702 ], [ 107.086949277707575, 13.235771248196096 ], [ 107.086350714270594, 13.236094562078183 ], [ 107.086063894664605, 13.236765592448313 ], [ 107.08638052148649, 13.237686429164558 ], [ 107.08677460759958, 13.238160841255203 ], [ 107.087227325162146, 13.238447902167172 ], [ 107.087928386918634, 13.23851220699207 ], [ 107.088867159513072, 13.238258269614176 ], [ 107.089524073945796, 13.238081189833652 ], [ 107.090143728955326, 13.238064822583054 ], [ 107.090726266479663, 13.238446929954723 ], [ 107.091268522670717, 13.239143015321531 ], [ 107.091940677457373, 13.239531054451405 ], [ 107.092357444152313, 13.239926398603938 ], [ 107.092984380115567, 13.240243425454398 ], [ 107.093509305822948, 13.240812277597113 ], [ 107.093836912734034, 13.241481067253567 ], [ 107.094075935765417, 13.242126384413641 ], [ 107.093998965568375, 13.242699738027412 ], [ 107.093761281014139, 13.243088020876554 ], [ 107.093463736190856, 13.243555869370274 ], [ 107.093068522208867, 13.244401814509246 ], [ 107.092716830548554, 13.245069694862632 ], [ 107.092270367046041, 13.246076381723075 ], [ 107.092147022782015, 13.246857524660108 ], [ 107.09214222331893, 13.247805079061326 ], [ 107.091672812489179, 13.248421675300005 ], [ 107.091025202453793, 13.248713563231703 ], [ 107.090263150326038, 13.248926782222899 ], [ 107.089328188132995, 13.249521454572692 ], [ 107.088302011936861, 13.250281062009154 ], [ 107.087569978682311, 13.25091625842912 ], [ 107.087212657306466, 13.251419528294123 ], [ 107.086821671587842, 13.252410389176324 ], [ 107.086554382297294, 13.253419928781298 ], [ 107.08681272431474, 13.254302319134901 ], [ 107.087671315800733, 13.254983239249654 ], [ 107.088702326722498, 13.255294200373159 ], [ 107.089652014262953, 13.254893306133601 ], [ 107.09142408964523, 13.253871427820084 ], [ 107.092033841125854, 13.253946639571266 ], [ 107.092339977210244, 13.254347406059415 ], [ 107.091809109830649, 13.254900188439869 ], [ 107.091259658192371, 13.255174960139119 ], [ 107.090558046089171, 13.255254422069704 ], [ 107.089194860734622, 13.257055276092153 ], [ 107.088407072599864, 13.258064757456172 ], [ 107.087200797128716, 13.259555296362835 ], [ 107.087192007278361, 13.260539884169155 ], [ 107.088735148491907, 13.262075124020241 ], [ 107.089385188594747, 13.263355588603334 ], [ 107.088532504332704, 13.264779433506071 ], [ 107.088748475670386, 13.266571238521131 ], [ 107.089569558578944, 13.26872662335032 ], [ 107.090034262407727, 13.270270689059453 ], [ 107.090320246979701, 13.271447678472045 ], [ 107.090435708432864, 13.272918381087976 ], [ 107.089566892451927, 13.273960378819995 ], [ 107.088214332221852, 13.274511574564807 ], [ 107.087902067317742, 13.275056665892127 ], [ 107.087727091476779, 13.275503889904424 ], [ 107.087700835378101, 13.276063665468415 ], [ 107.087462485573099, 13.276875270586491 ], [ 107.087209896137452, 13.277320736019609 ], [ 107.086736387934337, 13.277502143728345 ], [ 107.086257183737899, 13.277377684337194 ], [ 107.086152866544865, 13.276911717419337 ], [ 107.086368326593458, 13.275706044162668 ], [ 107.086135871660289, 13.274921723346495 ], [ 107.085720868721708, 13.274692435960917 ], [ 107.084557019001281, 13.275450257497198 ], [ 107.083045498088339, 13.277373159019893 ], [ 107.081776424578862, 13.278470856560523 ], [ 107.081012470623165, 13.280074127272638 ], [ 107.08065632612923, 13.2824357216299 ], [ 107.080715705347274, 13.283516299788854 ], [ 107.081646144222915, 13.286727307114198 ], [ 107.081940925208229, 13.288936157738215 ], [ 107.081416891924363, 13.289259850304605 ], [ 107.080537285206688, 13.28907048998806 ], [ 107.07950609515035, 13.288565144403572 ], [ 107.078101022475494, 13.288721858928035 ], [ 107.077552736499769, 13.289144021434121 ], [ 107.077216969291413, 13.28993302836739 ], [ 107.077164780277243, 13.290719647119859 ], [ 107.076459762773069, 13.291712340028486 ], [ 107.074869946910653, 13.292877542828855 ], [ 107.073551197919329, 13.293525507636453 ], [ 107.073230322580841, 13.294142366608495 ], [ 107.073233872443382, 13.294560022632428 ], [ 107.073916989824127, 13.294949164362524 ], [ 107.074678507600495, 13.295050269486818 ], [ 107.075966606715355, 13.294365739099039 ], [ 107.076964332504829, 13.293694211661778 ], [ 107.078002292191783, 13.293867517177967 ], [ 107.07844889059912, 13.294234388878026 ], [ 107.078404811270147, 13.294935493743354 ], [ 107.078134325408811, 13.295576514826212 ], [ 107.077414409984087, 13.29646690427024 ], [ 107.076518060566599, 13.297260455244949 ], [ 107.075925858190587, 13.298420065013019 ], [ 107.074950688264153, 13.298796572169051 ], [ 107.073869741972885, 13.298535126353887 ], [ 107.072603126622539, 13.297849492942708 ], [ 107.07158324727726, 13.297749357561448 ], [ 107.070703210453914, 13.297872986675932 ], [ 107.070332913841781, 13.298627104507471 ], [ 107.069915512657346, 13.299648422513423 ], [ 107.07022195697202, 13.300284739914447 ], [ 107.071746159931166, 13.300702038482164 ], [ 107.073138087072948, 13.300998062609573 ], [ 107.074368300584609, 13.301110873932922 ], [ 107.075322426387018, 13.301392449729599 ], [ 107.075378604117518, 13.301913425538046 ], [ 107.07543442213705, 13.302576350066811 ], [ 107.075036873097659, 13.303415702351549 ], [ 107.073483033330277, 13.304615632327227 ], [ 107.072247115515296, 13.305378734665995 ], [ 107.071029406507407, 13.306739996764087 ], [ 107.07015571783127, 13.308050879877987 ], [ 107.069969987589175, 13.308591231194709 ], [ 107.07011608965648, 13.310039368859497 ], [ 107.070441303748424, 13.311339325511542 ], [ 107.071035192856712, 13.311576096232649 ], [ 107.072570618786884, 13.311662982036653 ], [ 107.073729161258285, 13.311504574652757 ], [ 107.074849185906288, 13.311304374508818 ], [ 107.076413270146347, 13.311462560964685 ], [ 107.077961124855278, 13.311841485084843 ], [ 107.078981905104257, 13.312596318741186 ], [ 107.079090008728855, 13.313504508563726 ], [ 107.07863792842754, 13.314309847221557 ], [ 107.077644717560062, 13.315038902077932 ], [ 107.076024290547394, 13.315863703886915 ], [ 107.075677685667472, 13.316407068859917 ], [ 107.075361400797959, 13.317564427664815 ], [ 107.076098971828614, 13.318737738252878 ], [ 107.077240457986235, 13.320202576458302 ], [ 107.078025495097933, 13.321056086218872 ], [ 107.079069079412989, 13.32069891627658 ], [ 107.080018172483477, 13.320063066124959 ], [ 107.081547155352524, 13.318310901399419 ], [ 107.082538311930278, 13.316998050122445 ], [ 107.083855984590286, 13.31522388778567 ], [ 107.086250510998013, 13.313193488690926 ], [ 107.088366088422973, 13.311727921428027 ], [ 107.090681088622588, 13.310318309947215 ], [ 107.093090915114942, 13.309276156588082 ], [ 107.095607604642396, 13.308658971125018 ], [ 107.098933489115637, 13.308050893735638 ], [ 107.101253049527742, 13.307985408257997 ], [ 107.103620418184761, 13.308047153701921 ], [ 107.106468121378967, 13.308301448295557 ], [ 107.10868469147502, 13.308731520267584 ], [ 107.110362283668181, 13.309323065781562 ], [ 107.112181121032464, 13.310041070834206 ], [ 107.114810189135113, 13.31121658812177 ], [ 107.117380719237175, 13.312356414754589 ], [ 107.120033278208325, 13.313509082408665 ], [ 107.121852409636048, 13.314387411304883 ], [ 107.123402932120712, 13.31534704282627 ], [ 107.124379692486571, 13.316447016243499 ], [ 107.125794618984443, 13.318718103919529 ], [ 107.127127624983103, 13.321115252037167 ], [ 107.128141946219799, 13.322812449978397 ], [ 107.129214836562852, 13.324544167172668 ], [ 107.130674254268882, 13.326286187928439 ], [ 107.131734484282362, 13.32775366940448 ], [ 107.133029810493781, 13.329391996502782 ], [ 107.134121923218672, 13.330019905242089 ], [ 107.135905099458896, 13.330462385553187 ], [ 107.137945068875098, 13.330788599850889 ], [ 107.141625632089202, 13.331017362379349 ], [ 107.144695402012104, 13.330983522205479 ], [ 107.146779078005451, 13.330379641544685 ], [ 107.149796309921769, 13.328840447182168 ], [ 107.153596566657072, 13.326828058233673 ], [ 107.15686799416568, 13.324437188298752 ], [ 107.15805574864595, 13.322514710106395 ], [ 107.158492395024339, 13.320374959665052 ], [ 107.15858712657699, 13.317594254252869 ], [ 107.158645964060469, 13.314732524166166 ], [ 107.158684627421152, 13.312652635336246 ], [ 107.158986880177039, 13.312008464170201 ], [ 107.160399709538012, 13.310761820331519 ], [ 107.162606681172434, 13.308870200642225 ], [ 107.165716918820138, 13.307261170683635 ], [ 107.168455365306386, 13.306389505131083 ], [ 107.171125400239319, 13.306127237784471 ], [ 107.173761766218988, 13.306164567364521 ], [ 107.1768450273496, 13.306521099329322 ], [ 107.179986087928995, 13.306763010197558 ], [ 107.183643981096623, 13.307404824141582 ], [ 107.186186795821172, 13.307556912187641 ], [ 107.188706247256121, 13.307547648788402 ], [ 107.190570799355839, 13.308011644581837 ], [ 107.193094615326814, 13.3091284697859 ], [ 107.195185921292577, 13.310499764824906 ], [ 107.19734800629341, 13.312043249057227 ], [ 107.199262395008489, 13.313231916000561 ], [ 107.201670357757706, 13.314601534435937 ], [ 107.203863827405655, 13.315271536832141 ], [ 107.205776615853864, 13.316023024389777 ], [ 107.207256074353666, 13.31668450944634 ], [ 107.20929867048865, 13.317630250709918 ], [ 107.210779425681281, 13.318750297412514 ], [ 107.211590476201991, 13.319942005371459 ], [ 107.211793539893378, 13.320240371918825 ], [ 107.212193280154906, 13.321201520446527 ], [ 107.212610116221924, 13.322203182671863 ], [ 107.213555510593466, 13.324187455005136 ], [ 107.214713094068358, 13.326355115483539 ], [ 107.215892196791799, 13.328096741573914 ], [ 107.217573854076136, 13.329608059994884 ], [ 107.219736600191112, 13.331254087294772 ], [ 107.222940860736585, 13.332448187612835 ], [ 107.225768133380257, 13.333219716856515 ], [ 107.227408934662392, 13.33340862911364 ], [ 107.229132900231789, 13.333735731892409 ], [ 107.2309400764141, 13.334268794958136 ], [ 107.232606015786644, 13.334870858072454 ], [ 107.234074487708938, 13.33576154966496 ], [ 107.235369563272798, 13.337112348119431 ], [ 107.236575936580934, 13.339727860308487 ], [ 107.237181432598078, 13.341598661190583 ], [ 107.237469140024146, 13.345848786161087 ], [ 107.237012648504177, 13.348700351438785 ], [ 107.236168075779645, 13.351185987834928 ], [ 107.235324988554538, 13.354085016643639 ], [ 107.234970545176225, 13.35612016278929 ], [ 107.235069647158582, 13.357487144801297 ], [ 107.235309313801537, 13.358647311750648 ], [ 107.236172249833629, 13.360344146018228 ], [ 107.237141193799644, 13.362213985471834 ], [ 107.238084564010293, 13.363623198474139 ], [ 107.239496706476785, 13.364950321670207 ], [ 107.24134192567972, 13.366264563833164 ], [ 107.242434436058446, 13.36689306409156 ], [ 107.243842136558627, 13.367174260854503 ], [ 107.245507357715198, 13.367421536828711 ], [ 107.245832996118864, 13.367393797488189 ], [ 107.247270788390964, 13.367062508549953 ], [ 107.24938548214341, 13.366391988416865 ], [ 107.251335734542096, 13.365655145104339 ], [ 107.253017101852635, 13.365033632343197 ], [ 107.254954933314465, 13.364204255098969 ], [ 107.256553286599242, 13.363341745997719 ], [ 107.258737106095381, 13.362545164949413 ], [ 107.260936961839661, 13.362357227851442 ], [ 107.26282227835388, 13.362458978896768 ], [ 107.264433758662548, 13.361895628693853 ], [ 107.265974736139384, 13.361195099969347 ], [ 107.267270291076102, 13.360588251364216 ], [ 107.268401577107198, 13.359994163542639 ], [ 107.269343917488413, 13.35905613793156 ], [ 107.270086925217171, 13.358143616300232 ], [ 107.271127181570677, 13.356020990701223 ], [ 107.272189923848529, 13.353899291001348 ], [ 107.273115473383498, 13.352157202604261 ], [ 107.274052403219457, 13.350461320281148 ], [ 107.275116323681445, 13.348408504422276 ], [ 107.276051856808891, 13.346504802710657 ], [ 107.276789577812394, 13.344788115294536 ], [ 107.277861544864948, 13.34218289720123 ], [ 107.278150383100552, 13.341617811352622 ], [ 107.278866149765918, 13.340084298153091 ], [ 107.2795426384682, 13.337929913094889 ], [ 107.280412341666533, 13.334855509705283 ], [ 107.281299840699248, 13.332757960085624 ], [ 107.282673108639671, 13.32975922001074 ], [ 107.28357034747043, 13.327350969200028 ], [ 107.284664656827047, 13.324620167022342 ], [ 107.285679462294667, 13.322268459945699 ], [ 107.287060942947051, 13.31874216374521 ], [ 107.288154964287756, 13.315987639883124 ], [ 107.289088868864454, 13.313808339693919 ], [ 107.28995356767247, 13.311813769021496 ], [ 107.29057783914962, 13.310683167518365 ], [ 107.291076584592304, 13.310002105161606 ], [ 107.292019817080543, 13.309248133121198 ], [ 107.293794442667377, 13.3086029911852 ], [ 107.297277548445464, 13.307945785108823 ], [ 107.299486702137969, 13.307459323961604 ], [ 107.30228221607598, 13.307209242673316 ], [ 107.305105868512257, 13.307740476440829 ], [ 107.308551549321564, 13.308496438807406 ], [ 107.309200401620075, 13.308721869654175 ], [ 107.310721687850858, 13.309250402808456 ], [ 107.312448422210409, 13.310250089547626 ], [ 107.313137225800332, 13.311738114586804 ], [ 107.314248074741329, 13.313339755438331 ], [ 107.317172494840463, 13.314938401228863 ], [ 107.319552219294621, 13.315529979145616 ], [ 107.322433099960719, 13.315762295923083 ], [ 107.324866765823899, 13.3157208259111 ], [ 107.327907969807313, 13.315411728650945 ], [ 107.330799893587894, 13.315654013197268 ], [ 107.333622503784909, 13.315944338625084 ], [ 107.335763478616428, 13.31587044067887 ], [ 107.337550101715252, 13.315226022004213 ], [ 107.337914408822911, 13.315031789722639 ], [ 107.339579297319361, 13.314142258078217 ], [ 107.340973339355045, 13.312672416016207 ], [ 107.342004292236979, 13.311044403409056 ], [ 107.342953444143603, 13.30948604036935 ], [ 107.343880042480194, 13.308041958327715 ], [ 107.344616517436876, 13.306256275837999 ], [ 107.346287409556396, 13.304082470499649 ], [ 107.347335024664687, 13.303293475535874 ], [ 107.349304621442684, 13.30208370828703 ], [ 107.350445782681277, 13.301191058745973 ], [ 107.35222740869655, 13.29992540885735 ], [ 107.353682296181404, 13.298741836007887 ], [ 107.355568421306074, 13.297314819673757 ], [ 107.357370467845911, 13.295542962546707 ], [ 107.358013513476763, 13.293768291511796 ], [ 107.358271715667584, 13.292146275233128 ], [ 107.359094896060839, 13.289324068977537 ], [ 107.360063776281791, 13.287260626118945 ], [ 107.360944258639663, 13.285954728724377 ], [ 107.362521922835313, 13.283886761304739 ], [ 107.363798650520295, 13.28236032705804 ], [ 107.36558702226985, 13.280324273907754 ], [ 107.366804462045593, 13.278752073868539 ], [ 107.36858137341676, 13.276728538666282 ], [ 107.369174301480825, 13.276218163582776 ], [ 107.369468569932195, 13.276479714063312 ], [ 107.370723823029849, 13.276907380218805 ], [ 107.372166296843332, 13.277437203585388 ], [ 107.37392867758831, 13.278492609484399 ], [ 107.376169300464568, 13.279279250844583 ], [ 107.37876048261144, 13.280641446983768 ], [ 107.380674276649913, 13.281640801499078 ], [ 107.382248720440458, 13.281969200648193 ], [ 107.383887388339019, 13.281979834476493 ], [ 107.385768854548687, 13.281643708115865 ], [ 107.388141703810376, 13.28058749578571 ], [ 107.390766947612448, 13.280169224016618 ], [ 107.392439029150935, 13.281055754925282 ], [ 107.392756883553915, 13.281697020009554 ], [ 107.39293627713738, 13.282339585609378 ], [ 107.392779815030906, 13.284036459322639 ], [ 107.39252016930098, 13.28580211975452 ], [ 107.393401538615436, 13.287421415390705 ], [ 107.394826805948753, 13.28801834430541 ], [ 107.396487735223531, 13.287934885045386 ], [ 107.39826818288995, 13.287076188048198 ], [ 107.399993417496376, 13.286155260681928 ], [ 107.402383118641225, 13.285437909743873 ], [ 107.404043017245101, 13.285252690379641 ], [ 107.405086507963077, 13.285751444444255 ], [ 107.405578483665337, 13.286492763259613 ], [ 107.405791862957813, 13.287067177442326 ], [ 107.405799885409039, 13.287880887450031 ], [ 107.405362908666532, 13.289207422653057 ], [ 107.4046515087731, 13.291314473205812 ], [ 107.403822347615957, 13.293181319839634 ], [ 107.40319688538716, 13.294246252953164 ], [ 107.402658374123718, 13.295811101053772 ], [ 107.4026714027911, 13.297133382161872 ], [ 107.40333649127416, 13.297873065870679 ], [ 107.405108750286402, 13.298158886361577 ], [ 107.406591896107457, 13.297977896075031 ], [ 107.408234490637341, 13.298342755465796 ], [ 107.409758524300244, 13.299609368872153 ], [ 107.411367714366421, 13.301289486875707 ], [ 107.413063751036333, 13.302810056828012 ], [ 107.414605500871005, 13.304085190180372 ], [ 107.415864789379143, 13.305075000251799 ], [ 107.418225055293703, 13.306205665786443 ], [ 107.420159678756647, 13.306800509341201 ], [ 107.422001358467782, 13.307441398045951 ], [ 107.423761516438873, 13.308059332232473 ], [ 107.425545313762797, 13.308792224971901 ], [ 107.427539000065792, 13.309409028864033 ], [ 107.429178709671049, 13.309626008954929 ], [ 107.431463691706426, 13.310079621291834 ], [ 107.43339812831141, 13.310535439555762 ], [ 107.435275261553784, 13.311199598887479 ], [ 107.437292041931215, 13.311758499134065 ], [ 107.439246797510094, 13.311880907115658 ], [ 107.441017399102833, 13.31232694230564 ], [ 107.441936077902938, 13.31320467461558 ], [ 107.44266794904631, 13.314083070391064 ], [ 107.443299508946893, 13.315652477793801 ], [ 107.443770331684433, 13.317636782462145 ], [ 107.444023683616805, 13.31869257102969 ], [ 107.445109378882421, 13.320005746852308 ], [ 107.447116554081589, 13.320805202447659 ], [ 107.448732820747836, 13.320977091142097 ], [ 107.449667093072819, 13.320762530365004 ], [ 107.450880649595319, 13.320224527837246 ], [ 107.451950612963088, 13.319284721608488 ], [ 107.453122842780473, 13.317965585244377 ], [ 107.455127015033042, 13.318410382907556 ], [ 107.455403930313153, 13.319453500745871 ], [ 107.45579400099767, 13.323253442172641 ], [ 107.455725722644459, 13.325172900274438 ], [ 107.456375212608691, 13.327592495985211 ], [ 107.457432587813372, 13.329744994685027 ], [ 107.458153743091273, 13.330807517580052 ], [ 107.458394286607046, 13.330987014241966 ], [ 107.459648134772664, 13.331922395964785 ], [ 107.461235472367832, 13.332932459648838 ], [ 107.462566596482858, 13.334094075890043 ], [ 107.463542851225355, 13.334833360800168 ], [ 107.46537117170277, 13.335152141870884 ], [ 107.46687766909784, 13.334726403732185 ], [ 107.46837994107517, 13.333714561780328 ], [ 107.469472239476829, 13.332649107448281 ], [ 107.47049382267106, 13.331491731795047 ], [ 107.471292607473146, 13.33031393653973 ], [ 107.472472398494801, 13.328384794221117 ], [ 107.474071671065445, 13.326200842492996 ], [ 107.475312947789618, 13.324708153285751 ], [ 107.476553164879775, 13.323112699729876 ], [ 107.47760597645761, 13.321461475064288 ], [ 107.478822621066143, 13.319762345202415 ], [ 107.48029711021762, 13.318188309243233 ], [ 107.481132738942478, 13.317239395766194 ], [ 107.482514847344916, 13.315769025118362 ], [ 107.48373356087798, 13.314391725956341 ], [ 107.485138123095339, 13.312864658586914 ], [ 107.485787277400888, 13.312009037359429 ], [ 107.4864100703075, 13.310774212862899 ], [ 107.486787858344101, 13.309656979270462 ], [ 107.487084125234247, 13.308574423621245 ], [ 107.488125512709559, 13.306945874854948 ], [ 107.489546846307078, 13.306107530283684 ], [ 107.490898641951517, 13.305292448181 ], [ 107.49230912886965, 13.304579554561458 ], [ 107.493368399851221, 13.303858807943014 ], [ 107.494251216207644, 13.302966999772915 ], [ 107.494677656895504, 13.302044660730063 ], [ 107.495102210710115, 13.300938257063208 ], [ 107.495492763537897, 13.299946250404707 ], [ 107.495965185980992, 13.298954568957816 ], [ 107.496428319031367, 13.297337325182177 ], [ 107.497288618968852, 13.296783405104538 ], [ 107.498454710943136, 13.296083053132943 ], [ 107.499218300243626, 13.295825965227511 ], [ 107.499593544338467, 13.295817759313385 ], [ 107.500304776262396, 13.296133756642899 ], [ 107.501179321487669, 13.296576889128547 ], [ 107.50212107077077, 13.297388650026379 ], [ 107.503316031043454, 13.298603342867922 ], [ 107.504614053257185, 13.300140003005103 ], [ 107.505925200579753, 13.301493571960879 ], [ 107.506738616009642, 13.302212840062669 ], [ 107.507649375532509, 13.302530231456121 ], [ 107.508446353675112, 13.302491874367499 ], [ 107.509712891473981, 13.302365308145541 ], [ 107.510558138496748, 13.302143517083874 ], [ 107.511098810045269, 13.301906664183299 ], [ 107.511867340309308, 13.301122092510811 ], [ 107.512309021498424, 13.300231205224508 ], [ 107.512729756012291, 13.299042383018104 ], [ 107.513080145366814, 13.297853126915536 ], [ 107.513655337421369, 13.296435782787304 ], [ 107.513893145527476, 13.296070917459076 ], [ 107.514683048699041, 13.295516512495043 ], [ 107.515494317916747, 13.295133552885897 ], [ 107.516597496402412, 13.294936298332241 ], [ 107.518127978564323, 13.295362711652958 ], [ 107.519808119475798, 13.296100453917601 ], [ 107.520787972300141, 13.296522141857348 ], [ 107.521699403954131, 13.296794304469685 ], [ 107.524153863321288, 13.297366228152123 ], [ 107.527249920398063, 13.298207301453047 ], [ 107.529445564201524, 13.298948880554917 ], [ 107.531066940229437, 13.299685993610014 ], [ 107.531920249064669, 13.299911262903088 ], [ 107.53258894364555, 13.299791670578944 ], [ 107.533672137951001, 13.299169918567948 ], [ 107.535026591617623, 13.29829926972346 ], [ 107.536307721544802, 13.297863000010199 ], [ 107.537565741069031, 13.297311766909933 ], [ 107.539142965998153, 13.296465978731893 ], [ 107.540580157553052, 13.295571893211337 ], [ 107.543013284172687, 13.29459556759903 ], [ 107.545736752126444, 13.293931390408533 ], [ 107.54776888828313, 13.293260561596995 ], [ 107.54865655535373, 13.293520440043789 ], [ 107.550450196229974, 13.293364683498609 ], [ 107.55163792786071, 13.292824257670176 ], [ 107.55300012697441, 13.291161814923369 ], [ 107.553737576192731, 13.289848945923696 ], [ 107.554879506940495, 13.287909773643959 ], [ 107.555375047087949, 13.28750050969238 ], [ 107.556459017434207, 13.286799620998853 ], [ 107.55748118082208, 13.286417811147393 ], [ 107.559535874634335, 13.285874287026783 ], [ 107.561792644367046, 13.28497637568956 ], [ 107.563793887807279, 13.283847258891347 ], [ 107.56489822646725, 13.283443138457816 ], [ 107.56572904850853, 13.283508166323323 ], [ 107.566957482520692, 13.283667429407284 ], [ 107.568470044175768, 13.284805165675429 ], [ 107.569059002161524, 13.285716198081252 ], [ 107.570272670604282, 13.28753789507261 ], [ 107.571531544537436, 13.289544327489086 ], [ 107.57227948528589, 13.291042096277799 ], [ 107.573413110308408, 13.292703091482032 ], [ 107.575077844115853, 13.293830199109365 ], [ 107.577229304129375, 13.294261242385391 ], [ 107.578904632950497, 13.294206991317678 ], [ 107.580694727239759, 13.294429364936329 ], [ 107.581766215405921, 13.295115249259313 ], [ 107.582529036641176, 13.296268393710937 ], [ 107.583006502166171, 13.297912279844924 ], [ 107.58298681554956, 13.298829447764891 ], [ 107.582634070472878, 13.300306731085753 ], [ 107.582487960092024, 13.300936091081686 ], [ 107.582309512986257, 13.302540340180188 ], [ 107.582769779368817, 13.303484251240652 ], [ 107.583675382840568, 13.304397658636747 ], [ 107.585039505553283, 13.305109905354072 ], [ 107.586698696166025, 13.305593285371355 ], [ 107.588628556199211, 13.3058853081123 ], [ 107.59082922656566, 13.306053722947919 ], [ 107.593231849646671, 13.305912897484477 ], [ 107.594862123539258, 13.305628617541071 ], [ 107.595802653152219, 13.305270068646843 ], [ 107.597079068442653, 13.303916593989729 ], [ 107.598039836693729, 13.302536982120307 ], [ 107.599277411836837, 13.30165253983618 ], [ 107.600717258115708, 13.301733796873451 ], [ 107.602364583589548, 13.302240908933213 ], [ 107.603257739514845, 13.302593920805426 ], [ 107.603392234942348, 13.302647078531525 ], [ 107.593462316904947, 13.278242464818042 ], [ 107.582438370777695, 13.252136180170151 ], [ 107.582280813205074, 13.251844164002494 ], [ 107.582171905457727, 13.251300956754616 ], [ 107.577421657253609, 13.240558740144682 ], [ 107.569466755879176, 13.221892784548245 ], [ 107.557010097909298, 13.192591587926794 ], [ 107.548057241047189, 13.170067568809444 ], [ 107.537960639674367, 13.142753492251055 ], [ 107.531560933540675, 13.125013349908931 ], [ 107.531496202198753, 13.124833896234611 ], [ 107.52610836170129, 13.109894996682126 ], [ 107.522897776336862, 13.101128478152289 ], [ 107.509424274833762, 13.064329777929444 ], [ 107.495915979391413, 13.02770450599396 ], [ 107.495631779260336, 13.027274698867313 ], [ 107.495535241882848, 13.026836307462844 ], [ 107.495342731017459, 13.026533234206537 ], [ 107.495074189880043, 13.02651662125392 ], [ 107.494582612732273, 13.026541681706727 ], [ 107.494448986981197, 13.026195125464485 ], [ 107.494583541204477, 13.025886644436149 ], [ 107.49470819154115, 13.025509367269496 ], [ 107.494692536119558, 13.025096171837536 ], [ 107.494606017564394, 13.024737868312869 ], [ 107.494323664543501, 13.024261736794251 ], [ 107.494054555041217, 13.023670282557774 ], [ 107.494375503371614, 13.023399535669295 ], [ 107.494649694807009, 13.023117944917084 ], [ 107.494807405332921, 13.022821664185999 ], [ 107.494698193330322, 13.022439862251165 ], [ 107.494081177906935, 13.022302370216037 ], [ 107.493403677892474, 13.022278395490765 ], [ 107.492931695941991, 13.021901210732915 ], [ 107.493096678246431, 13.02123781831088 ], [ 107.493093583671197, 13.02081320764615 ], [ 107.4925673416639, 13.020826173642806 ], [ 107.492072770468994, 13.021011626001185 ], [ 107.491500348910122, 13.020380167414912 ], [ 107.491689418854122, 13.019706379477256 ], [ 107.491807276292121, 13.019052474505918 ], [ 107.491657074966255, 13.01837178252782 ], [ 107.491356310500649, 13.017607835277678 ], [ 107.491376493130829, 13.016573144102288 ], [ 107.491521439088373, 13.015748445644187 ], [ 107.491575117185505, 13.015472365865282 ], [ 107.491692997832828, 13.014763122537614 ], [ 107.492065803067192, 13.013631306946978 ], [ 107.492465790999418, 13.012914835037765 ], [ 107.49279423962335, 13.012243095966816 ], [ 107.492914871950219, 13.011463806257323 ], [ 107.492812481073983, 13.010726187193333 ], [ 107.492706623434643, 13.010160263871301 ], [ 107.492361183793676, 13.009304137097187 ], [ 107.492158922847892, 13.008311111173661 ], [ 107.491975098752121, 13.007549426190186 ], [ 107.491518154342728, 13.006425579261283 ], [ 107.491340428197219, 13.005928106868671 ], [ 107.491132752485541, 13.005199401258746 ], [ 107.491061699941838, 13.00465798807774 ], [ 107.490998953895243, 13.003679431375106 ], [ 107.491022368949075, 13.003082902234725 ], [ 107.491044043628875, 13.00260045555852 ], [ 107.491068837877222, 13.001911304588335 ], [ 107.491296618029949, 13.001943000329797 ], [ 107.491318516116706, 13.001540736125872 ], [ 107.49151513316103, 13.000988848795775 ], [ 107.491888864891223, 13.000700661884794 ], [ 107.492859165156716, 13.000468862207933 ], [ 107.49406393638013, 13.00013203546748 ], [ 107.4951853390113, 12.999578037567714 ], [ 107.495890482425636, 12.999781321245036 ], [ 107.4968670833197, 12.999431993763485 ], [ 107.497691648304496, 12.998966672568992 ], [ 107.498341486030583, 12.998361859909117 ], [ 107.498560661933183, 12.997476592433744 ], [ 107.498524603516117, 12.996232385461493 ], [ 107.498404688056226, 12.995239702108636 ], [ 107.498212575569696, 12.994397918983337 ], [ 107.498094626917933, 12.993198543529003 ], [ 107.497720527642642, 12.991720420283423 ], [ 107.497177823215182, 12.990771327376295 ], [ 107.496903137584169, 12.990020684175843 ], [ 107.496605874889568, 12.989200236434707 ], [ 107.496343160557629, 12.988437052956261 ], [ 107.496315643212114, 12.987584649439384 ], [ 107.496593451416715, 12.986631057906521 ], [ 107.496731665712531, 12.985595235286244 ], [ 107.496794552153162, 12.985088677014893 ], [ 107.497268608345294, 12.984528477276019 ], [ 107.49757174567381, 12.983401850642458 ], [ 107.497742670981651, 12.982643536037164 ], [ 107.498053513528703, 12.981942603910696 ], [ 107.49858537417613, 12.981463161243202 ], [ 107.499128634928482, 12.981029912307969 ], [ 107.499591390619656, 12.980377211791122 ], [ 107.499687788882213, 12.980055546149456 ], [ 107.499962588902903, 12.979493871908705 ], [ 107.500991395697582, 12.978500306409511 ], [ 107.501824753421218, 12.978345473103108 ], [ 107.502719496745087, 12.977938199644591 ], [ 107.503214257805325, 12.977665780428998 ], [ 107.503641178249822, 12.97711619087171 ], [ 107.504344833210297, 12.975739506793701 ], [ 107.5042666287424, 12.975347243829573 ], [ 107.503978134689561, 12.97482712885215 ], [ 107.503513084013775, 12.974385509939273 ], [ 107.503082930323302, 12.973978563441298 ], [ 107.501856519350994, 12.973461822273386 ], [ 107.500803891360277, 12.973222356287375 ], [ 107.499491102365198, 12.973164952989498 ], [ 107.498494104283878, 12.973249068632269 ], [ 107.497459442589104, 12.973597813019563 ], [ 107.496544081746819, 12.973727441777422 ], [ 107.495757141848813, 12.973859223175845 ], [ 107.494920989850996, 12.973617655051292 ], [ 107.493222832325415, 12.973313196893887 ], [ 107.491394239459837, 12.97257291200955 ], [ 107.489694392062106, 12.971866390661836 ], [ 107.488297882104021, 12.970975126017732 ], [ 107.48754409438132, 12.969750192585527 ], [ 107.487341850959822, 12.968866699386476 ], [ 107.487910354629378, 12.967613311670155 ], [ 107.489286877796062, 12.96643915671223 ], [ 107.490477049390535, 12.965459902544429 ], [ 107.49033318775264, 12.964541973515098 ], [ 107.4893573878159, 12.963454690055638 ], [ 107.487866764169155, 12.962357640976013 ], [ 107.487160885609526, 12.961315199710672 ], [ 107.486815041204608, 12.95965268152286 ], [ 107.486576452727832, 12.958470249639944 ], [ 107.486583158019229, 12.957173666907105 ], [ 107.487058716319481, 12.956070247856886 ], [ 107.487548049328836, 12.955368753210733 ], [ 107.487334188533396, 12.95464686851226 ], [ 107.486384287197637, 12.954133038410495 ], [ 107.485715349573624, 12.953618782358035 ], [ 107.485898778455095, 12.952608502109896 ], [ 107.486914649528345, 12.952054449642667 ], [ 107.487391215938302, 12.951111392901606 ], [ 107.487901876880031, 12.950065236739851 ], [ 107.488111143132329, 12.949570833408453 ], [ 107.487067881541861, 12.949161795353998 ], [ 107.48558003004301, 12.948856379106285 ], [ 107.484875543448624, 12.948180956500609 ], [ 107.485023517984033, 12.947078406364946 ], [ 107.485791317856524, 12.945894278474812 ], [ 107.485578377336736, 12.945321458283196 ], [ 107.484814618533349, 12.944531402016638 ], [ 107.485277874105961, 12.943232724232494 ], [ 107.486081896824217, 12.942335112129813 ], [ 107.487193477582565, 12.942263523698776 ], [ 107.488047696890717, 12.942248596690948 ], [ 107.488477850027252, 12.94138729872914 ], [ 107.489458210497887, 12.940798572991207 ], [ 107.490660358788418, 12.939934418758265 ], [ 107.49125432273533, 12.939105434634909 ], [ 107.491988188524942, 12.938277371414065 ], [ 107.49314503233694, 12.937780686576057 ], [ 107.493832586305558, 12.93698581451507 ], [ 107.493782474995911, 12.936114422252448 ], [ 107.493309603652051, 12.934875508396404 ], [ 107.493106834574306, 12.933877956267455 ], [ 107.493279045731128, 12.933074459337991 ], [ 107.493017224175361, 12.931927264149881 ], [ 107.492895876163828, 12.930722258824819 ], [ 107.493725568202819, 12.930386813418487 ], [ 107.494579070238601, 12.930304117226836 ], [ 107.495235426192366, 12.930542914416892 ], [ 107.495728063740955, 12.930817156418145 ], [ 107.496006067967642, 12.93005895068473 ], [ 107.495279256661519, 12.929681917945173 ], [ 107.494211233478026, 12.928916252639462 ], [ 107.49348241617875, 12.92804682764973 ], [ 107.492881528229134, 12.927015807832522 ], [ 107.492736583040269, 12.925868624284963 ], [ 107.492907123537393, 12.924432697324709 ], [ 107.493208725424154, 12.923789465072458 ], [ 107.494109189113317, 12.92356854264756 ], [ 107.495104146917782, 12.923645995825467 ], [ 107.495711371316858, 12.923403025077807 ], [ 107.495956508635871, 12.923161255345365 ], [ 107.495660700516126, 12.922358844983941 ], [ 107.495447663771472, 12.921659544281329 ], [ 107.495491715221604, 12.920936328455703 ], [ 107.495746776737789, 12.9204188995956 ], [ 107.496002855050847, 12.920061830356428 ], [ 107.496451372820275, 12.919605796497683 ], [ 107.497054635238499, 12.918965324471454 ], [ 107.497503482863308, 12.918600764659685 ], [ 107.49810442294735, 12.918248302565354 ], [ 107.499281425929851, 12.917705110740778 ], [ 107.499894462393513, 12.917296060916103 ], [ 107.500409828711724, 12.91731145599625 ], [ 107.501559512501032, 12.917205579928579 ], [ 107.502338586155972, 12.916532922457428 ], [ 107.501878289831822, 12.915630453745791 ], [ 107.501252536796457, 12.914818787681495 ], [ 107.500674919631351, 12.913868876961875 ], [ 107.50005346706233, 12.91256250389649 ], [ 107.499395160941418, 12.911485741608445 ], [ 107.49837653103252, 12.911396099044669 ], [ 107.497099651953974, 12.911328120454932 ], [ 107.496009166869669, 12.911364515000521 ], [ 107.495590355538724, 12.909998592443555 ], [ 107.495070575378179, 12.908782708390103 ], [ 107.494962775243948, 12.908128703944131 ], [ 107.495077631318466, 12.907521136569931 ], [ 107.495438036758244, 12.906888637828507 ], [ 107.495659106880339, 12.906543199002222 ], [ 107.495926809877474, 12.906198444982804 ], [ 107.496239081019965, 12.906632527984272 ], [ 107.496617907187314, 12.906232501868336 ], [ 107.496975328298149, 12.90558986607534 ], [ 107.496972983993203, 12.904541835542364 ], [ 107.496753673580173, 12.904136228889646 ], [ 107.496475539063781, 12.90377748727251 ], [ 107.496069247346298, 12.903381571208461 ], [ 107.496051811306288, 12.902146208446586 ], [ 107.495089260385413, 12.901380648781885 ], [ 107.49389289989702, 12.900603762457596 ], [ 107.492847498695753, 12.899608590192434 ], [ 107.492211599772318, 12.898520290242766 ], [ 107.491880077266529, 12.897418923858494 ], [ 107.49197906384498, 12.895847025215764 ], [ 107.49226780002077, 12.89477814765195 ], [ 107.492744830946137, 12.894065487128493 ], [ 107.493480932391194, 12.893764835923207 ], [ 107.494474767854143, 12.893566757309099 ], [ 107.495387422805734, 12.893541114086295 ], [ 107.495761210090592, 12.893447198585951 ], [ 107.496088720706325, 12.893446333093269 ], [ 107.496167736353513, 12.893636442796478 ], [ 107.49643923006245, 12.893442988935616 ], [ 107.496725831236034, 12.892857499829207 ], [ 107.497006969478974, 12.891547008752825 ], [ 107.497223696729762, 12.890880872375572 ], [ 107.497402390876246, 12.889223514221031 ], [ 107.497471673420776, 12.88802572256405 ], [ 107.497553398736272, 12.886747628274971 ], [ 107.497853940308417, 12.884607996987649 ], [ 107.497974370855687, 12.882937641840488 ], [ 107.498431287524681, 12.880315408283225 ], [ 107.498717056351097, 12.878544092492648 ], [ 107.498849596174082, 12.878095598579158 ], [ 107.499948176158753, 12.877148870168218 ], [ 107.500704234879194, 12.876429022707622 ], [ 107.501721071608799, 12.875424343171158 ], [ 107.502113793932907, 12.874747490605886 ], [ 107.502825886399023, 12.873716355031204 ], [ 107.503326033218627, 12.87284535426652 ], [ 107.503552615934339, 12.872420807267185 ], [ 107.505133637656826, 12.871201795122472 ], [ 107.506370290923783, 12.870486377811948 ], [ 107.50756742867955, 12.870254700483382 ], [ 107.508610524884773, 12.870217613170539 ], [ 107.509512700938032, 12.870247373046654 ], [ 107.510402686918525, 12.870324680890642 ], [ 107.511429685878369, 12.8694802450767 ], [ 107.511835391348271, 12.868607880853348 ], [ 107.511851875420007, 12.86806676009129 ], [ 107.512258276235428, 12.86720681214887 ], [ 107.512841603311827, 12.866139624980663 ], [ 107.513094547428096, 12.865359073272849 ], [ 107.513257584019343, 12.864161521205713 ], [ 107.512951189504022, 12.863041876641299 ], [ 107.512469358514238, 12.861931818097966 ], [ 107.512009634210386, 12.860902859527062 ], [ 107.511492361869131, 12.85975812675791 ], [ 107.511255385694497, 12.858730419933892 ], [ 107.511359847903464, 12.857544722353149 ], [ 107.511996563810897, 12.857101563767532 ], [ 107.512690579721493, 12.856806930479449 ], [ 107.513606084208803, 12.856619721392079 ], [ 107.51461480954795, 12.85648921225129 ], [ 107.515060643716112, 12.856412659691115 ], [ 107.516116689178418, 12.856295243610873 ], [ 107.516622260187347, 12.856091627656202 ], [ 107.517491586998645, 12.855833699166354 ], [ 107.518091441624961, 12.855562544273893 ], [ 107.519207453877428, 12.855226575945702 ], [ 107.519736738586872, 12.854977552576628 ], [ 107.520475866795636, 12.854880104974479 ], [ 107.521042668342034, 12.854411624797249 ], [ 107.522258937729191, 12.853339474182944 ], [ 107.522630173366892, 12.852421131165475 ], [ 107.522811814204374, 12.85176549126683 ], [ 107.522804799952326, 12.851235893118366 ], [ 107.523054351965882, 12.850811116936972 ], [ 107.523457703871728, 12.850285478904587 ], [ 107.523872201939483, 12.849781191118932 ], [ 107.524484467692972, 12.849429721441464 ], [ 107.525157388964658, 12.848870997319679 ], [ 107.52542144490576, 12.848170519104263 ], [ 107.525520553041062, 12.847549552970822 ], [ 107.525437667622526, 12.846280962475886 ], [ 107.525515711021953, 12.84545239922082 ], [ 107.525845723714639, 12.843865877252785 ], [ 107.525994430882918, 12.842967743437706 ], [ 107.526364031041993, 12.842233499562134 ], [ 107.526734554230359, 12.841419062333539 ], [ 107.526634645114399, 12.840807917188142 ], [ 107.526638898214301, 12.840312092417808 ], [ 107.52752059020402, 12.839973839383095 ], [ 107.528365680101828, 12.839831312846622 ], [ 107.529035582379279, 12.839606898861339 ], [ 107.529585429584301, 12.839691951786319 ], [ 107.530524093186273, 12.839527060397341 ], [ 107.53121493647086, 12.839555412741495 ], [ 107.531554035370206, 12.83962781038235 ], [ 107.532201590149413, 12.839240979440378 ], [ 107.532928119866014, 12.839270112589666 ], [ 107.533422828846412, 12.838963807076738 ], [ 107.533873198540547, 12.838367687318495 ], [ 107.53434453900195, 12.838084192142045 ], [ 107.535050214281441, 12.837755519987141 ], [ 107.535837394000055, 12.837520924623817 ], [ 107.536614083944883, 12.837101216175778 ], [ 107.537367059613786, 12.836784505658885 ], [ 107.538165503995231, 12.836526079073614 ], [ 107.538649377929289, 12.836173566278235 ], [ 107.539192621906281, 12.835658984994387 ], [ 107.539711824435798, 12.835214653989214 ], [ 107.540159089349956, 12.834999143134596 ], [ 107.540794649508456, 12.834681300434811 ], [ 107.541516972852236, 12.833835217405756 ], [ 107.541811841619364, 12.833572617829585 ], [ 107.542333202385393, 12.832943050674444 ], [ 107.542398648569602, 12.832125907593829 ], [ 107.542288803208749, 12.831273191432921 ], [ 107.542014359715409, 12.830532742375691 ], [ 107.541927312340107, 12.829772411376089 ], [ 107.542050653569788, 12.829047313500244 ], [ 107.542487540035211, 12.82865911334858 ], [ 107.542704234542754, 12.82806185762435 ], [ 107.543014954360203, 12.82731574799546 ], [ 107.543124848413044, 12.826856174482595 ], [ 107.54362306274362, 12.826157942424457 ], [ 107.544427752964111, 12.825208289630226 ], [ 107.545173852294866, 12.824269366756328 ], [ 107.545553173722695, 12.823822996116522 ], [ 107.545379822220255, 12.823522012610791 ], [ 107.545469200385128, 12.822682051921614 ], [ 107.545592657443123, 12.821969376135465 ], [ 107.546157635502624, 12.821674796504713 ], [ 107.546870647352677, 12.821853103696778 ], [ 107.547441648016786, 12.822214605986689 ], [ 107.547826200380669, 12.822460463116235 ], [ 107.548326993707718, 12.822763918555436 ], [ 107.548839869967111, 12.823067255672253 ], [ 107.549470836860507, 12.823268936060582 ], [ 107.550159693218049, 12.823505061802592 ], [ 107.550909862900696, 12.823430026129969 ], [ 107.551229109290176, 12.823133303002885 ], [ 107.551294758424262, 12.822338746673692 ], [ 107.551067040517992, 12.821553812969869 ], [ 107.55084240664273, 12.820503456101898 ], [ 107.550850953038307, 12.819466647575396 ], [ 107.551702220607865, 12.818632850722336 ], [ 107.552432664319113, 12.818143539685892 ], [ 107.553207096221612, 12.817965496148359 ], [ 107.553771598946099, 12.817739797350358 ], [ 107.554301572810104, 12.817456836724016 ], [ 107.554481062415633, 12.816996586696121 ], [ 107.554344873032093, 12.816501005133382 ], [ 107.553940158183323, 12.815909778531999 ], [ 107.553210966793614, 12.814866579594959 ], [ 107.552682042359578, 12.813768357263058 ], [ 107.55231882523114, 12.812440400121968 ], [ 107.552499469421178, 12.811866077882014 ], [ 107.552835682116395, 12.810913051196838 ], [ 107.552972783144952, 12.809957438011027 ], [ 107.552874203651385, 12.809196095937025 ], [ 107.55266861649352, 12.808607450986509 ], [ 107.552344162813839, 12.806842065862611 ], [ 107.552456774259241, 12.806025597938644 ], [ 107.553189124859017, 12.805386071677418 ], [ 107.553590845820878, 12.804939479221256 ], [ 107.554170484753442, 12.804334183286244 ], [ 107.554620194722091, 12.803796777307443 ], [ 107.555159246281107, 12.803789289168884 ], [ 107.555635627645898, 12.804243172827842 ], [ 107.556229034506487, 12.804662039817263 ], [ 107.557000470063727, 12.804875897431497 ], [ 107.557354099823556, 12.804625140715755 ], [ 107.557651769999055, 12.804074526219033 ], [ 107.557965970964858, 12.802995227151767 ], [ 107.558240842195474, 12.802352228631205 ], [ 107.558457480890937, 12.801697374113179 ], [ 107.558712403717166, 12.800673987521352 ], [ 107.558942255572092, 12.799846217501017 ], [ 107.559057342322717, 12.798706739136916 ], [ 107.55903111974169, 12.797704152949727 ], [ 107.559082967272985, 12.797140116249983 ], [ 107.559332205146674, 12.796751465260288 ], [ 107.559852318481262, 12.796237087287055 ], [ 107.560350088383757, 12.795561431242316 ], [ 107.560789279569235, 12.79489650903178 ], [ 107.561016628308366, 12.794391749710192 ], [ 107.561339349247731, 12.793645518125668 ], [ 107.561649994369887, 12.792956998881031 ], [ 107.561948777924727, 12.792233585596019 ], [ 107.562146131312531, 12.791094438790765 ], [ 107.562328694143503, 12.790371026260507 ], [ 107.562500062014351, 12.7895076864249 ], [ 107.562768411812655, 12.78827750391426 ], [ 107.562822524889327, 12.787425468300206 ], [ 107.562510733681918, 12.786973380907627 ], [ 107.561831325402252, 12.786922388165847 ], [ 107.561221997036213, 12.78697461037776 ], [ 107.560612902704491, 12.786992949859306 ], [ 107.560227722972229, 12.7868510073843 ], [ 107.559926309412745, 12.78645754050731 ], [ 107.5597558269572, 12.7858685590184 ], [ 107.559566431141292, 12.784772692614267 ], [ 107.55951662113371, 12.783769205388715 ], [ 107.559383984831925, 12.782881712309495 ], [ 107.559194594416894, 12.781785844697501 ], [ 107.559192087538591, 12.780680258579302 ], [ 107.559222509979648, 12.779873624726116 ], [ 107.559311620243363, 12.779067549801363 ], [ 107.559657824316176, 12.778368526372128 ], [ 107.560164908016802, 12.77793446145485 ], [ 107.560848746542064, 12.777456896337741 ], [ 107.561110939103671, 12.776928084958158 ], [ 107.561350587105053, 12.776331734214272 ], [ 107.561565720576354, 12.775814672981587 ], [ 107.561934816844825, 12.775161727797801 ], [ 107.562244306696499, 12.774588414588514 ], [ 107.562319053008977, 12.774070457946202 ], [ 107.561567878082968, 12.772888571459081 ], [ 107.561129745020082, 12.772113588831241 ], [ 107.560875521685674, 12.771719661780986 ], [ 107.560274665741446, 12.770781374032884 ], [ 107.55990501947899, 12.770179640147122 ], [ 107.559840754942869, 12.769510572439142 ], [ 107.559823558619726, 12.768830884120829 ], [ 107.559712463077148, 12.768138555262725 ], [ 107.559648778366522, 12.767355419668167 ], [ 107.559667701333794, 12.766548896260643 ], [ 107.559745081812522, 12.765720349563832 ], [ 107.559762640656359, 12.765064040058654 ], [ 107.559757065461866, 12.764395532144874 ], [ 107.559586037285044, 12.763864147520984 ], [ 107.559322712663104, 12.763136024418841 ], [ 107.559093922174611, 12.76252388677262 ], [ 107.558867986118017, 12.761566146880906 ], [ 107.55884999131672, 12.760977941581663 ], [ 107.558824261439128, 12.759906457946022 ], [ 107.55884147619706, 12.759272738880552 ], [ 107.559001250551034, 12.7583993496301 ], [ 107.559355196389447, 12.75681260287881 ], [ 107.55945867445638, 12.755718411118924 ], [ 107.559571729844464, 12.754833051999322 ], [ 107.559882227584652, 12.754132120546947 ], [ 107.559992765842608, 12.753568643951235 ], [ 107.560047823358673, 12.752636415682629 ], [ 107.560018916067662, 12.75227869896178 ], [ 107.559984139573487, 12.751852149577335 ], [ 107.559816811335097, 12.751286847340621 ], [ 107.559690551294182, 12.750228760074764 ], [ 107.559519675202878, 12.749882581115376 ], [ 107.559685101569983, 12.748884912508272 ], [ 107.559861932731749, 12.747934563847904 ], [ 107.559847060390595, 12.747255982128271 ], [ 107.560076261187831, 12.746765892943591 ], [ 107.560837858888789, 12.746648973737789 ], [ 107.561582556640559, 12.746968135922252 ], [ 107.562820988664015, 12.747075844099513 ], [ 107.563886008142759, 12.747042933116679 ], [ 107.564529664760329, 12.747038950262409 ], [ 107.564772418831595, 12.746353354457712 ], [ 107.564491279869188, 12.745511346267522 ], [ 107.564325101910953, 12.744831974848681 ], [ 107.564441968758857, 12.743983848011188 ], [ 107.564186254895034, 12.742981227721033 ], [ 107.563688182046448, 12.740873087198812 ], [ 107.563463904362294, 12.740135552800087 ], [ 107.563112450719387, 12.738420122871748 ], [ 107.563499676597729, 12.736599285481198 ], [ 107.564062502146484, 12.73559550924876 ], [ 107.564857408826896, 12.734790502513119 ], [ 107.565437268009603, 12.73428007374933 ], [ 107.566832053618825, 12.733183528824444 ], [ 107.567510050748865, 12.732366098864608 ], [ 107.567440620102772, 12.731411365361211 ], [ 107.567614047818253, 12.729839924128481 ], [ 107.567685798022268, 12.72885332908257 ], [ 107.567707630035827, 12.728107763120539 ], [ 107.567448030496593, 12.727403323915599 ], [ 107.566916921816983, 12.726868656093641 ], [ 107.566363604660637, 12.726241597684751 ], [ 107.565810067154274, 12.72564954815646 ], [ 107.56546936634993, 12.724887166030946 ], [ 107.565044687070809, 12.724296125048243 ], [ 107.564723787089605, 12.723786518390144 ], [ 107.564206836637752, 12.723113927565775 ], [ 107.563644906963958, 12.722257690812503 ], [ 107.563223796535112, 12.721391054660183 ], [ 107.563021745741494, 12.720744774958144 ], [ 107.562551988227654, 12.720016385624946 ], [ 107.562032287086794, 12.719526765291363 ], [ 107.561608194088322, 12.718017565244613 ], [ 107.561379121336927, 12.717658394945238 ], [ 107.560589068950605, 12.717280928880744 ], [ 107.56013416644825, 12.717172390388846 ], [ 107.559479293435643, 12.717140319317108 ], [ 107.559131501578847, 12.71606855543873 ], [ 107.559232736943642, 12.715495006349153 ], [ 107.559350549875262, 12.714566688331454 ], [ 107.559400705851218, 12.713430096976213 ], [ 107.559233194628888, 12.712842203249986 ], [ 107.559447990312307, 12.711662237293364 ], [ 107.559988939730971, 12.710543493992299 ], [ 107.560172447921602, 12.709972539451924 ], [ 107.56004059363049, 12.709326706279382 ], [ 107.559888277956446, 12.708475531681277 ], [ 107.559977211252559, 12.707937112093564 ], [ 107.561035282492639, 12.70757115620453 ], [ 107.562222889546447, 12.707103435611595 ], [ 107.562510732816321, 12.706556317831977 ], [ 107.562493586540626, 12.706108139439703 ], [ 107.562445485552843, 12.705325979074827 ], [ 107.562476552917971, 12.70475310942728 ], [ 107.562658784969727, 12.70462938091813 ], [ 107.563007822849102, 12.704392237645195 ], [ 107.563887095972987, 12.704207564316427 ], [ 107.564731164676843, 12.704068402180733 ], [ 107.565239312271487, 12.703696457903678 ], [ 107.56683483437584, 12.703302699279469 ], [ 107.567115423492552, 12.703351932750399 ], [ 107.567484353964218, 12.70286275254881 ], [ 107.567665885460585, 12.702383290803718 ], [ 107.567985918733015, 12.702065111146981 ], [ 107.568170090709941, 12.701447846040145 ], [ 107.568388082066235, 12.700876556122088 ], [ 107.568969250352083, 12.700274646144804 ], [ 107.569053196263923, 12.699241631613861 ], [ 107.568971160023835, 12.698403337519835 ], [ 107.569025554812569, 12.697806527819084 ], [ 107.569486030096442, 12.696641124301545 ], [ 107.569799924271024, 12.695025411072734 ], [ 107.569941851656964, 12.694039266442548 ], [ 107.570327207179858, 12.693182895400899 ], [ 107.570684508606305, 12.692740129432858 ], [ 107.571366559288208, 12.692450064006898 ], [ 107.57212786709276, 12.692378317321152 ], [ 107.572767486042963, 12.692616053321087 ], [ 107.573232937584876, 12.692805784833281 ], [ 107.573715509544968, 12.692582018591125 ], [ 107.573932565324583, 12.692090918853731 ], [ 107.574588929347627, 12.691134795977916 ], [ 107.574488674906164, 12.689858506859926 ], [ 107.574672588771136, 12.689217527842644 ], [ 107.575022837743546, 12.688417960785548 ], [ 107.575530712559569, 12.688023419965974 ], [ 107.576382967506262, 12.687275449163415 ], [ 107.57698178768814, 12.686203562569691 ], [ 107.577343304884181, 12.685438894143205 ], [ 107.577958129325481, 12.684929252204999 ], [ 107.578725491915122, 12.684376343117028 ], [ 107.578863612492938, 12.683700799178403 ], [ 107.578740954176155, 12.683227677058081 ], [ 107.578298489118339, 12.682234784215764 ], [ 107.57799143351545, 12.681553396499789 ], [ 107.578356879359305, 12.681351090842991 ], [ 107.578694848593514, 12.681447190799258 ], [ 107.579855335904611, 12.682128195822926 ], [ 107.580218033899158, 12.682109992489796 ], [ 107.580727243732269, 12.681621699344261 ], [ 107.581052175774047, 12.680937565389637 ], [ 107.58173876001986, 12.680302995976582 ], [ 107.582134535688382, 12.679573000955871 ], [ 107.581814363063685, 12.679017100322801 ], [ 107.581127391446998, 12.678813721070094 ], [ 107.580495529385047, 12.678828892620976 ], [ 107.579324860704858, 12.678905757701626 ], [ 107.57891844532692, 12.678694002719464 ], [ 107.578693993901638, 12.677991486448249 ], [ 107.578327589693103, 12.677412312636269 ], [ 107.577800981507579, 12.677428714450793 ], [ 107.577146804218771, 12.677397791499629 ], [ 107.576787204153433, 12.677151698570464 ], [ 107.576421838588445, 12.676503622914741 ], [ 107.576501536760404, 12.675793637707473 ], [ 107.576788855800061, 12.675314279190406 ], [ 107.576924765597624, 12.673903571330616 ], [ 107.576747472705179, 12.673142998500353 ], [ 107.576535532750242, 12.671509796872291 ], [ 107.576291641481603, 12.670530780680332 ], [ 107.575622624948878, 12.669822401645666 ], [ 107.574712986767892, 12.669661812255454 ], [ 107.573474828574035, 12.669542796029253 ], [ 107.573198636808158, 12.669182956798796 ], [ 107.572949000930151, 12.667744355139186 ], [ 107.572048577746855, 12.667756452654654 ], [ 107.571344036786684, 12.667976707898278 ], [ 107.570748888963507, 12.667866140413219 ], [ 107.570684696531174, 12.667428582496548 ], [ 107.570984453992125, 12.66687005711192 ], [ 107.5708079973585, 12.666075588698552 ], [ 107.570921754829897, 12.665434162550909 ], [ 107.571215744062513, 12.664472523991614 ], [ 107.571469135793322, 12.66301776313996 ], [ 107.571508458743097, 12.661834979680503 ], [ 107.57128496040869, 12.661051129716141 ], [ 107.570514878789055, 12.660065892798704 ], [ 107.569990828615786, 12.65901390503236 ], [ 107.569596534838169, 12.657883867622742 ], [ 107.569313465423903, 12.656317965639252 ], [ 107.569839695169165, 12.654601956218915 ], [ 107.570556049414094, 12.653497334884962 ], [ 107.571445840824225, 12.652543497386489 ], [ 107.572857934520442, 12.651895175377444 ], [ 107.573705400291999, 12.651481557902613 ], [ 107.573960847432261, 12.650749546330786 ], [ 107.573681342735483, 12.649769736061131 ], [ 107.573035510832597, 12.649130002659293 ], [ 107.572072115389147, 12.648589327149942 ], [ 107.571336466064622, 12.648511731150226 ], [ 107.570390559357079, 12.648396636016148 ], [ 107.569361140596001, 12.648440448337354 ], [ 107.569029557014758, 12.647885758475137 ], [ 107.569384853774608, 12.647534498794771 ], [ 107.569825138491268, 12.646999467293785 ], [ 107.569885308149537, 12.646001690925374 ], [ 107.569714398067035, 12.644781407285972 ], [ 107.569423882634041, 12.64379040089047 ], [ 107.569312107133584, 12.642502915873981 ], [ 107.569520982348024, 12.641770226429406 ], [ 107.570145403156673, 12.641422019088681 ], [ 107.571274058649905, 12.640954882777693 ], [ 107.571759302543356, 12.640547030605125 ], [ 107.572035453559991, 12.639987607828058 ], [ 107.571957944137253, 12.638792400370942 ], [ 107.571374495755478, 12.637832455588937 ], [ 107.571306757390474, 12.636808808993573 ], [ 107.571281806734618, 12.636038848854209 ], [ 107.571378207728742, 12.634984257647718 ], [ 107.572302216401042, 12.634065106910352 ], [ 107.572378356942977, 12.633629582162728 ], [ 107.572491425548833, 12.633034465886961 ], [ 107.572813453172699, 12.632578498934302 ], [ 107.572983902424227, 12.632086726722843 ], [ 107.5733985268906, 12.631690850670941 ], [ 107.573929071078851, 12.631329992874647 ], [ 107.573634187553111, 12.630648467242388 ], [ 107.573333206464085, 12.630449222508153 ], [ 107.572800944807341, 12.630006015201275 ], [ 107.57240922509429, 12.629587426281544 ], [ 107.57200681825222, 12.629077463515415 ], [ 107.57211114806951, 12.628298351096356 ], [ 107.572646868386414, 12.627593002591434 ], [ 107.572954746075283, 12.627274950960301 ], [ 107.573306103175767, 12.626360195885395 ], [ 107.573549705809782, 12.62565201735919 ], [ 107.57420915320094, 12.625303469461654 ], [ 107.574774540889962, 12.624978414853098 ], [ 107.575705404357123, 12.624461234784194 ], [ 107.576401883563804, 12.623964383439162 ], [ 107.577483288965936, 12.623553029955062 ], [ 107.578773888504614, 12.623190470448332 ], [ 107.578819997313815, 12.622398370128682 ], [ 107.578373544969864, 12.621681047865213 ], [ 107.577926634494503, 12.620975021190278 ], [ 107.577787480148601, 12.620054838216058 ], [ 107.578213566663436, 12.619657718335501 ], [ 107.578894747979064, 12.6202756526035 ], [ 107.57936477079528, 12.62013220379122 ], [ 107.580248801785146, 12.619591749378573 ], [ 107.581131795666536, 12.619120189923809 ], [ 107.581519228979332, 12.618137323270682 ], [ 107.581702884911749, 12.617531360940053 ], [ 107.581888483353922, 12.616775180176994 ], [ 107.582128842288753, 12.616262403508953 ], [ 107.582711539176586, 12.615545296183969 ], [ 107.582428059331505, 12.614911102021813 ], [ 107.582276351457892, 12.614001208809222 ], [ 107.583016267833244, 12.613769318122252 ], [ 107.583819441550133, 12.613997574838367 ], [ 107.584138219700378, 12.613794600375982 ], [ 107.584777385640322, 12.613205686086857 ], [ 107.584712517231736, 12.612814440903028 ], [ 107.583897160467487, 12.612575010978809 ], [ 107.583176094556052, 12.612278200569916 ], [ 107.582817180339234, 12.612033221845174 ], [ 107.582135567081551, 12.611427721812376 ], [ 107.581489709292512, 12.610775571288604 ], [ 107.580902637084165, 12.610079936816863 ], [ 107.580991645060877, 12.609552813882747 ], [ 107.581793535559839, 12.609023318222325 ], [ 107.58255643410665, 12.608791208220286 ], [ 107.58288532001302, 12.607819072918453 ], [ 107.5827205158797, 12.607035788616326 ], [ 107.582520533172556, 12.606241551740638 ], [ 107.583088388230067, 12.60576626526723 ], [ 107.584094490863436, 12.604848564712277 ], [ 107.584931438251601, 12.604319853556127 ], [ 107.585552057508906, 12.603374257086644 ], [ 107.585700736418318, 12.602778797570702 ], [ 107.58521222457135, 12.602565564998525 ], [ 107.584446579376731, 12.602120114105809 ], [ 107.584769128323231, 12.601606543093862 ], [ 107.584862723034959, 12.600734933566201 ], [ 107.584825226289155, 12.600033989218076 ], [ 107.584552690212305, 12.599457284342661 ], [ 107.584866615998493, 12.598714545750916 ], [ 107.585699399390421, 12.598517895265417 ], [ 107.586046791255939, 12.597902445169058 ], [ 107.58568006146082, 12.597334557169006 ], [ 107.585279078913075, 12.596733120760094 ], [ 107.584983414894552, 12.596085491874511 ], [ 107.584544831895755, 12.595689952910529 ], [ 107.583879481483805, 12.595612813855031 ], [ 107.583241263974926, 12.595259857588212 ], [ 107.58294435944444, 12.594717263722462 ], [ 107.58289789418923, 12.593808609789427 ], [ 107.582652043376925, 12.592967381894701 ], [ 107.582319720214954, 12.592504181662312 ], [ 107.581941511909932, 12.591936396248638 ], [ 107.581608841239927, 12.591438188763396 ], [ 107.582104124723244, 12.590262302352235 ], [ 107.582276038586613, 12.589632740005479 ], [ 107.582226137815979, 12.589012095356813 ], [ 107.581929586092841, 12.587584107112955 ], [ 107.582484179001938, 12.587223018132862 ], [ 107.582862616850676, 12.586895250459564 ], [ 107.582777415091655, 12.586251230913419 ], [ 107.582383119058122, 12.58602804241178 ], [ 107.581964208380569, 12.58587285144565 ], [ 107.581440322195462, 12.585740128187318 ], [ 107.580822841055152, 12.585560875775952 ], [ 107.580349669910305, 12.585095641230144 ], [ 107.580228590365124, 12.58454231113433 ], [ 107.580042091360156, 12.583655331502346 ], [ 107.579762002015471, 12.58272182278276 ], [ 107.579561138569503, 12.582007767508937 ], [ 107.579411218870518, 12.580983785681223 ], [ 107.579751024059519, 12.580069146776694 ], [ 107.580295958226245, 12.57954779447633 ], [ 107.580595042098622, 12.579045750142376 ], [ 107.580513198042937, 12.578161149937959 ], [ 107.58025472337826, 12.577376503124333 ], [ 107.580107229298463, 12.576192133847336 ], [ 107.57994270932366, 12.575374959270031 ], [ 107.580216727014658, 12.575010936008207 ], [ 107.580776030518322, 12.574260192904424 ], [ 107.581375225042351, 12.573187208050586 ], [ 107.582246827577137, 12.571820231549399 ], [ 107.582732662661499, 12.570449067133646 ], [ 107.58300518643432, 12.569303566242839 ], [ 107.582828011375057, 12.568600577453161 ], [ 107.582627045954638, 12.567875231106285 ], [ 107.583010404175312, 12.56717926185927 ], [ 107.58323703116308, 12.566848444326757 ], [ 107.584034658279435, 12.566652156483212 ], [ 107.584570923333672, 12.566762175723111 ], [ 107.58506211745474, 12.566733721348108 ], [ 107.585277831469597, 12.566346541531324 ], [ 107.585124107051769, 12.565632036242249 ], [ 107.584999149077561, 12.564459876917288 ], [ 107.585161041791253, 12.563749102174761 ], [ 107.585796648536061, 12.56338949408436 ], [ 107.586771905817955, 12.563023218277548 ], [ 107.587219630575802, 12.562787386590767 ], [ 107.587719793778973, 12.562104966710828 ], [ 107.588224554375586, 12.561078061118543 ], [ 107.588912577488912, 12.560328325860606 ], [ 107.58937466854735, 12.559863101772976 ], [ 107.589625554599621, 12.55943040867203 ], [ 107.589613708157842, 12.558591439998814 ], [ 107.589451251290896, 12.55763647721111 ], [ 107.589282813224344, 12.557117488750098 ], [ 107.588759111339513, 12.556077926213517 ], [ 107.588219306634443, 12.555381829785171 ], [ 107.587673404692012, 12.555110414762092 ], [ 107.586972978955927, 12.555021179923086 ], [ 107.586520559758284, 12.554786127120764 ], [ 107.586120808646527, 12.554069476111982 ], [ 107.585965137168941, 12.553504058187862 ], [ 107.585375558770437, 12.553002676247379 ], [ 107.584713317249836, 12.552707529976123 ], [ 107.584074416993488, 12.552389570270755 ], [ 107.583460119314481, 12.55200248348231 ], [ 107.583009668842394, 12.551618333375785 ], [ 107.582656950293426, 12.55088992806856 ], [ 107.582411868218344, 12.550003510336916 ], [ 107.581976943608453, 12.549331231103384 ], [ 107.581360623799085, 12.548221388677836 ], [ 107.580636449658343, 12.54730456608161 ], [ 107.58026453281542, 12.547128580225278 ], [ 107.57971772971942, 12.546937334511954 ], [ 107.579474112961535, 12.546831260808533 ], [ 107.578716112595544, 12.546672534390517 ], [ 107.578357294014694, 12.546426400797703 ], [ 107.5781065653821, 12.545952234307517 ], [ 107.578058318656247, 12.545205082399544 ], [ 107.578054333931263, 12.544631422813449 ], [ 107.578322494335723, 12.543796532556854 ], [ 107.578343337329855, 12.543118735649296 ], [ 107.577627339716756, 12.542501093659657 ], [ 107.577385695744312, 12.542188331441167 ], [ 107.576825104996644, 12.542169997429264 ], [ 107.576182409615441, 12.542102759515766 ], [ 107.576026793655799, 12.541539588180898 ], [ 107.575968101000527, 12.540723646011152 ], [ 107.575815595708988, 12.539895051898565 ], [ 107.576003746310946, 12.538932187437172 ], [ 107.576857569807487, 12.538036342310335 ], [ 107.577368523753719, 12.537399014493511 ], [ 107.577660019567759, 12.536598910943926 ], [ 107.577685727491058, 12.535542741923743 ], [ 107.577401912814878, 12.534918688119518 ], [ 107.577079109180715, 12.534593151034604 ], [ 107.576555908893624, 12.534402796198377 ], [ 107.57632623220853, 12.534078623036581 ], [ 107.576056696652415, 12.533271478948151 ], [ 107.575540554218634, 12.532576243194974 ], [ 107.574936195211563, 12.53231551502129 ], [ 107.574004300790094, 12.532062439935533 ], [ 107.573563076936324, 12.531849835678136 ], [ 107.573193608343217, 12.531512316617164 ], [ 107.572746337293054, 12.530863845870034 ], [ 107.572139283190651, 12.529983131219607 ], [ 107.571349400769805, 12.529618011318849 ], [ 107.570662268474209, 12.52941340053286 ], [ 107.570113548093602, 12.529372346792584 ], [ 107.56967002043092, 12.529332544394382 ], [ 107.569178766062706, 12.529348535513428 ], [ 107.568407704706544, 12.529316379644543 ], [ 107.56815330969809, 12.529106495854828 ], [ 107.567924334646264, 12.528793599306368 ], [ 107.567770703875539, 12.528021471959693 ], [ 107.567277592887123, 12.527327123243776 ], [ 107.565222160106586, 12.527197677703318 ], [ 107.565055534048369, 12.526563449668599 ], [ 107.564898199451022, 12.526113216276217 ], [ 107.564566834437144, 12.52555848406012 ], [ 107.564117620671766, 12.525059084349031 ], [ 107.564086966590935, 12.524748807938483 ], [ 107.56400812800122, 12.523633772325892 ], [ 107.563581548787241, 12.523214337755466 ], [ 107.563063602214299, 12.522621854703027 ], [ 107.562658339900253, 12.52213393160314 ], [ 107.562649464239016, 12.522123245845609 ], [ 107.562647371629339, 12.521445660680536 ], [ 107.562602325089117, 12.520434200223908 ], [ 107.562359323945714, 12.519397522033287 ], [ 107.56230520810368, 12.518574224073117 ], [ 107.562301162109591, 12.518512671503712 ], [ 107.562147905281378, 12.517775542528412 ], [ 107.562503426569251, 12.516528749377004 ], [ 107.563047360229135, 12.516087641017169 ], [ 107.563892586903648, 12.515776921749891 ], [ 107.564712719459536, 12.515660686487799 ], [ 107.56545286600641, 12.515359999821554 ], [ 107.565972527906254, 12.514964292299693 ], [ 107.566626871001958, 12.514123468220687 ], [ 107.566738209586575, 12.513642436970311 ], [ 107.567035762045521, 12.513278209041566 ], [ 107.567633684420102, 12.513125689474533 ], [ 107.568611810562743, 12.512540390557763 ], [ 107.569223999067745, 12.512203649404693 ], [ 107.569569371417003, 12.510864345757167 ], [ 107.569112043734933, 12.510123350541448 ], [ 107.568494053921512, 12.509989211642349 ], [ 107.568299121682045, 12.509746006432602 ], [ 107.56807225928695, 12.509237710422708 ], [ 107.567791173299483, 12.508418234717556 ], [ 107.567519970599619, 12.507726278381723 ], [ 107.567482936188426, 12.507002726099977 ], [ 107.567733349056937, 12.506637819268171 ], [ 107.568082567835418, 12.506733869254672 ], [ 107.56847556130073, 12.50707230933706 ], [ 107.569042240245111, 12.507481367647975 ], [ 107.569495132848829, 12.507716463497157 ], [ 107.569931077202511, 12.507458200384782 ], [ 107.570243255472477, 12.506830696722147 ], [ 107.570111354503055, 12.50621985548705 ], [ 107.569803462564067, 12.505653609734248 ], [ 107.569413949787148, 12.505085883022918 ], [ 107.56924757878717, 12.504417774142642 ], [ 107.569455958171574, 12.503696397465797 ], [ 107.570223345241317, 12.503132309251884 ], [ 107.570915112405018, 12.50218609677877 ], [ 107.571088623272701, 12.501484251774036 ], [ 107.571694250914618, 12.50112611532932 ], [ 107.572638490624215, 12.500664232548866 ], [ 107.573173370829494, 12.499835837384961 ], [ 107.573299975067869, 12.499214622954543 ], [ 107.573743621754218, 12.499213771417526 ], [ 107.574245190995882, 12.499258668365664 ], [ 107.574945360840374, 12.499221482781911 ], [ 107.576029459567692, 12.498724372644711 ], [ 107.577241035192841, 12.497985492254335 ], [ 107.578207679478567, 12.497409317040495 ], [ 107.579127550060377, 12.496637083230073 ], [ 107.579710066619455, 12.49609507391502 ], [ 107.579871156044774, 12.495244275522209 ], [ 107.579670564578137, 12.494372095144376 ], [ 107.579271271136278, 12.493339193315112 ], [ 107.578545247193375, 12.492215682783172 ], [ 107.578356956055828, 12.491365969047939 ], [ 107.578343782142142, 12.490906456961529 ], [ 107.578820808875491, 12.490216389207298 ], [ 107.578970409403595, 12.489365701154743 ], [ 107.578536318112441, 12.48829924884768 ], [ 107.578118805077111, 12.487830752613284 ], [ 107.578056315447199, 12.487760632134984 ], [ 107.577086398636197, 12.487016642361869 ], [ 107.576675630243912, 12.486099034655147 ], [ 107.576871128550209, 12.48494976386603 ], [ 107.576997195147129, 12.483868917382148 ], [ 107.577285229897385, 12.482489507864525 ], [ 107.577061117742886, 12.481502354455062 ], [ 107.576370546700858, 12.480355903640341 ], [ 107.576181810288304, 12.479575078933767 ], [ 107.575911057614334, 12.478519478879202 ], [ 107.575045429835271, 12.477683002681172 ], [ 107.574508312769254, 12.477409183124372 ], [ 107.573328804456281, 12.476907719295072 ], [ 107.572569633935586, 12.476725232022433 ], [ 107.571764397916169, 12.476533017560172 ], [ 107.570620366695195, 12.476306760436993 ], [ 107.569896488276825, 12.476090047259214 ], [ 107.568704181463502, 12.475105325111224 ], [ 107.567511564224674, 12.473971525775523 ], [ 107.566973387068785, 12.473180460907093 ], [ 107.566551088328268, 12.472194044753353 ], [ 107.565965914519509, 12.47141471711006 ], [ 107.56568467330581, 12.47086401359938 ], [ 107.565414694077546, 12.470348211448218 ], [ 107.565576158188037, 12.469588887523251 ], [ 107.565842797803853, 12.468773226392294 ], [ 107.566144132646301, 12.467979822375153 ], [ 107.566562772872317, 12.467311789120297 ], [ 107.567342193394282, 12.466344437286018 ], [ 107.567480146938536, 12.465357210415497 ], [ 107.567559473836809, 12.464368282526978 ], [ 107.56794423261934, 12.464286699477157 ], [ 107.568550662355406, 12.464250439510694 ], [ 107.568876726313306, 12.463985329913692 ], [ 107.568186427135046, 12.463207004857438 ], [ 107.566995589164918, 12.462830963285642 ], [ 107.566714917306783, 12.462395445742532 ], [ 107.566550436387104, 12.461913651066505 ], [ 107.566582464749658, 12.460672198807805 ], [ 107.56578822975699, 12.460249465859972 ], [ 107.565436455210474, 12.459653125255683 ], [ 107.565551186517709, 12.458757596344407 ], [ 107.56562075806292, 12.458470082023986 ], [ 107.565455304710355, 12.457655138110889 ], [ 107.565044966846955, 12.45682896638896 ], [ 107.564776001691115, 12.456531114640599 ], [ 107.565055086644833, 12.4561049611944 ], [ 107.566127317186854, 12.455641912858969 ], [ 107.56673329957485, 12.455445298045094 ], [ 107.567059475610321, 12.455133888695663 ], [ 107.567583337507074, 12.454650070243309 ], [ 107.567675459044196, 12.454201975753909 ], [ 107.56700897280065, 12.453446001526697 ], [ 107.566261093263904, 12.452885045467143 ], [ 107.565897840452152, 12.452288812575425 ], [ 107.565836789467298, 12.451163437018121 ], [ 107.565660830755718, 12.450681747936112 ], [ 107.565319409865339, 12.449441580841732 ], [ 107.564851165821153, 12.448684846058075 ], [ 107.564081492900826, 12.44865261994202 ], [ 107.563146448416177, 12.448045993083452 ], [ 107.562679721236393, 12.447852782632307 ], [ 107.562023563961048, 12.446682221607956 ], [ 107.56188148897678, 12.445729269464806 ], [ 107.561297362584014, 12.445340661211281 ], [ 107.561004769655369, 12.444916538493494 ], [ 107.560770436674659, 12.444515580829304 ], [ 107.560545709274663, 12.443160232095995 ], [ 107.560777178367786, 12.442390083196985 ], [ 107.560880107789814, 12.441402058353297 ], [ 107.560447621713209, 12.441242396968272 ], [ 107.55992260943826, 12.441197674832933 ], [ 107.559501678041045, 12.44075104832697 ], [ 107.559617036001228, 12.440210127344873 ], [ 107.5592300972001, 12.439362259032054 ], [ 107.558575620841111, 12.4385937150963 ], [ 107.558037175784833, 12.437997991878339 ], [ 107.557931232988736, 12.437446740929015 ], [ 107.557662101270239, 12.437011097185591 ], [ 107.557171478656272, 12.436898282191299 ], [ 107.556784465637719, 12.435865194405624 ], [ 107.556702048538313, 12.435486511087625 ], [ 107.556198670481436, 12.434832853341135 ], [ 107.555743549716709, 12.434707276465989 ], [ 107.555311344014001, 12.434398527624262 ], [ 107.555170110668016, 12.433939084775291 ], [ 107.554878500410254, 12.43384810145994 ], [ 107.554910596112109, 12.432722961548041 ], [ 107.55465164853365, 12.431505703724351 ], [ 107.554498169044706, 12.43085099771694 ], [ 107.554672170264766, 12.430254186078237 ], [ 107.554846320921698, 12.429908089557633 ], [ 107.55473919098911, 12.429116294151264 ], [ 107.554772872523827, 12.428564851236434 ], [ 107.554550950185671, 12.428255243572057 ], [ 107.554385777009713, 12.427520462599045 ], [ 107.553918005107363, 12.42703925288963 ], [ 107.553742287559501, 12.426695327324207 ], [ 107.553634553256359, 12.425546660150067 ], [ 107.553627916119709, 12.425531676924516 ], [ 107.553329654930735, 12.424858369017773 ], [ 107.552931877868602, 12.424307605031325 ], [ 107.553001034897306, 12.423917326126892 ], [ 107.552684761557472, 12.423240434419558 ], [ 107.552205901361091, 12.423034886338964 ], [ 107.551552514212077, 12.422783549347573 ], [ 107.551597571017425, 12.422278302310286 ], [ 107.551993172796344, 12.421840902229196 ], [ 107.551806083115224, 12.421508374985411 ], [ 107.551187497033382, 12.421349315457038 ], [ 107.550522780465172, 12.421408654601237 ], [ 107.55024194693712, 12.421006987957204 ], [ 107.550847144561644, 12.420499855721278 ], [ 107.550928147691963, 12.420086877089565 ], [ 107.55048330505187, 12.419421355867746 ], [ 107.550318785178646, 12.418928245264958 ], [ 107.550015170266647, 12.418664574956853 ], [ 107.549572572000926, 12.419113707059122 ], [ 107.549092802068415, 12.418459804961621 ], [ 107.548812618323197, 12.418242215637628 ], [ 107.548449792080973, 12.417738545802983 ], [ 107.54808839484943, 12.417853750936869 ], [ 107.548089749322997, 12.418405995536897 ], [ 107.547950843942232, 12.418773214646183 ], [ 107.547588594032916, 12.41868288419575 ], [ 107.54747065335556, 12.41801654111114 ], [ 107.54712038632907, 12.417799607813643 ], [ 107.546723850686021, 12.417846251017442 ], [ 107.546350127004615, 12.417698428606421 ], [ 107.545847087679604, 12.416895661498527 ], [ 107.545438394458444, 12.416873526171123 ], [ 107.545065397095811, 12.416977542574406 ], [ 107.544528232380301, 12.416623449208267 ], [ 107.544083547018673, 12.415912737766092 ], [ 107.543883879068176, 12.415407527425145 ], [ 107.544114782557443, 12.414338111596713 ], [ 107.544172274424355, 12.413810158975753 ], [ 107.543622309088875, 12.413202075618424 ], [ 107.543445814902412, 12.412479809183965 ], [ 107.543805677034896, 12.411674584857341 ], [ 107.543734606325174, 12.411100405197628 ], [ 107.544012570216154, 12.410203340219807 ], [ 107.544442464930796, 12.409570250613744 ], [ 107.544955207907392, 12.409304555185425 ], [ 107.54491914805341, 12.408845243282338 ], [ 107.544719905920104, 12.408501527849916 ], [ 107.544928531398014, 12.407800494069861 ], [ 107.545055439534565, 12.407144271984366 ], [ 107.544598971293922, 12.406342189775073 ], [ 107.544550692876172, 12.405630014771372 ], [ 107.545168190414003, 12.405444652012614 ], [ 107.545353970262113, 12.405053277842944 ], [ 107.545877214818219, 12.404213768042961 ], [ 107.545560572397235, 12.403375363675005 ], [ 107.545127860288432, 12.403066590866551 ], [ 107.545173130832339, 12.402285775822724 ], [ 107.545322607079925, 12.401468972409853 ], [ 107.544561739762941, 12.400081345163523 ], [ 107.543837764309131, 12.399830638388435 ], [ 107.543417791799428, 12.399590632699935 ], [ 107.543766233405364, 12.398912006093838 ], [ 107.54424328094008, 12.398462564393942 ], [ 107.544615506344499, 12.398163180614228 ], [ 107.545092518711158, 12.397414456536586 ], [ 107.545370781021049, 12.396667595719553 ], [ 107.545531055154399, 12.395483649202655 ], [ 107.545400498161726, 12.394461669447464 ], [ 107.545586110870033, 12.393876047831933 ], [ 107.545992493558458, 12.393012791409779 ], [ 107.546550184146028, 12.392172961452443 ], [ 107.547447090216593, 12.391481282426678 ], [ 107.547854152132288, 12.391043787422841 ], [ 107.548331005749091, 12.390398964948499 ], [ 107.548154800511824, 12.389882240965829 ], [ 107.547907627072789, 12.388860228593979 ], [ 107.548244559208811, 12.388181708610658 ], [ 107.548640317087333, 12.387882102719663 ], [ 107.548836863810436, 12.387181182544351 ], [ 107.549079178533432, 12.385928705939858 ], [ 107.549405185339253, 12.385663633696582 ], [ 107.550069829208212, 12.385546717793186 ], [ 107.550815515379171, 12.385257376113548 ], [ 107.551466692015296, 12.384405369846386 ], [ 107.551686999589222, 12.383726814387318 ], [ 107.552093061716675, 12.3827156108729 ], [ 107.552663759921543, 12.382449368001222 ], [ 107.552989648788696, 12.382173001216101 ], [ 107.5535121126495, 12.381022922036481 ], [ 107.554150596520159, 12.379871751902071 ], [ 107.554405698550795, 12.379227879285706 ], [ 107.553761704628386, 12.377862890970908 ], [ 107.553526289787911, 12.377105044387445 ], [ 107.552614762326897, 12.37610847635549 ], [ 107.552275717364665, 12.375798827832975 ], [ 107.551364955887991, 12.37535337468076 ], [ 107.550407797805818, 12.374862049141051 ], [ 107.549520277468375, 12.374324892427934 ], [ 107.548714790063656, 12.374131419078223 ], [ 107.547827801075343, 12.373767043594905 ], [ 107.546859852730009, 12.37364284748128 ], [ 107.546066055127184, 12.373530561752816 ], [ 107.545564258751284, 12.373198718444913 ], [ 107.545201632611921, 12.372647594606679 ], [ 107.544884689628873, 12.371890498116558 ], [ 107.544615572737442, 12.371385931179535 ], [ 107.54474311005572, 12.370972519544248 ], [ 107.544975551850385, 12.370833690388114 ], [ 107.545313281563494, 12.370534635518506 ], [ 107.545964544969067, 12.369751536155404 ], [ 107.54627804503734, 12.369026936613555 ], [ 107.546649679518495, 12.368255489178944 ], [ 107.546927829689864, 12.367439742302603 ], [ 107.54707756461319, 12.366531460284797 ], [ 107.547017170451156, 12.365692907704416 ], [ 107.546910905050765, 12.364981274260709 ], [ 107.546769436732689, 12.364430339357476 ], [ 107.546673529023778, 12.363305259943088 ], [ 107.546729512712048, 12.362087280085468 ], [ 107.547216888306636, 12.361109206187569 ], [ 107.547624471776203, 12.360729312550477 ], [ 107.547460158363734, 12.360132287360885 ], [ 107.547131237775787, 12.359144913253381 ], [ 107.547095072891139, 12.358731904071696 ], [ 107.546732699711569, 12.358204493155609 ], [ 107.546522147665058, 12.357814573752545 ], [ 107.546345887184543, 12.357228952503984 ], [ 107.546391498283697, 12.356837765240909 ], [ 107.545911091891426, 12.355805499933577 ], [ 107.545616816576171, 12.354657427361495 ], [ 107.545475221725567, 12.353854642413101 ], [ 107.545041381302241, 12.35270674386798 ], [ 107.544561409922622, 12.351777242604868 ], [ 107.543975895079271, 12.350802421549549 ], [ 107.542691854717148, 12.350174060831138 ], [ 107.541898807639328, 12.350130641454198 ], [ 107.541478967717836, 12.350073574007721 ], [ 107.541222866122169, 12.350258921667969 ], [ 107.540780251001451, 12.350639131518072 ], [ 107.540396300838893, 12.350789531465972 ], [ 107.540069872046928, 12.351008285548087 ], [ 107.539813268093837, 12.350963245381649 ], [ 107.539557622221366, 12.351434318741076 ], [ 107.539149766222351, 12.351607526936172 ], [ 107.538672525184296, 12.351792676307813 ], [ 107.537984335416922, 12.351783279320717 ], [ 107.537471305717546, 12.351830976845489 ], [ 107.53696955262123, 12.351797252902102 ], [ 107.536514279513696, 12.35158013604908 ], [ 107.536151987498457, 12.35123679259979 ], [ 107.535893886031587, 12.350559312156161 ], [ 107.535671652730542, 12.350146901164342 ], [ 107.535413623550468, 12.349297754752396 ], [ 107.535319038555059, 12.348780252293269 ], [ 107.535353122440313, 12.348263810632698 ], [ 107.535537607258291, 12.347321323570322 ], [ 107.535407308531489, 12.346494704358207 ], [ 107.534753938209263, 12.346163100879489 ], [ 107.534251841307793, 12.345853805168614 ], [ 107.533538747841561, 12.345224599040304 ], [ 107.532710632108078, 12.344997387045451 ], [ 107.531894727881351, 12.345263597646573 ], [ 107.531358134238701, 12.345069813658174 ], [ 107.530692885894851, 12.344876092533237 ], [ 107.530507039733564, 12.345140964375478 ], [ 107.530181247504515, 12.345486192313942 ], [ 107.529761600044779, 12.345568015946606 ], [ 107.529190431306489, 12.345661410430743 ], [ 107.528957066337114, 12.345822819109257 ], [ 107.528654569113371, 12.346201710191869 ], [ 107.528002442598307, 12.346537541484425 ], [ 107.527628259128448, 12.346090390676329 ], [ 107.52780185138019, 12.345446161872367 ], [ 107.528232604878639, 12.344905708997716 ], [ 107.528417324208689, 12.344283965582589 ], [ 107.52841638995956, 12.343767846350135 ], [ 107.528205454988736, 12.34327400588729 ], [ 107.527971136399557, 12.342677607664436 ], [ 107.527585018918899, 12.34194370238059 ], [ 107.527279274592416, 12.340726805746478 ], [ 107.527103269435784, 12.340221344731454 ], [ 107.526740367835828, 12.339751498157357 ], [ 107.52634367872281, 12.339591414384904 ], [ 107.525725688554758, 12.339592624329683 ], [ 107.525095886334157, 12.339560060572442 ], [ 107.524151603292694, 12.339734825675976 ], [ 107.523557197900445, 12.339919901513387 ], [ 107.52249635091151, 12.340038142553039 ], [ 107.521610123581752, 12.340098294112005 ], [ 107.521166582500399, 12.339903625506722 ], [ 107.520932730937346, 12.339594076858415 ], [ 107.520581622544086, 12.338975031483923 ], [ 107.520090784606637, 12.338458922107089 ], [ 107.519192557994344, 12.338104691007683 ], [ 107.518107243871412, 12.337705878859474 ], [ 107.517523352868466, 12.337488781432512 ], [ 107.516589849038098, 12.336928187267642 ], [ 107.515970737650377, 12.336631224694303 ], [ 107.515491565976419, 12.336012222333604 ], [ 107.51489432540663, 12.334877045484324 ], [ 107.514099785371897, 12.333890506945924 ], [ 107.513656269537478, 12.333696951316218 ], [ 107.513713031703261, 12.332903593865826 ], [ 107.513688573991644, 12.332386557261204 ], [ 107.513534616139381, 12.331238254186616 ], [ 107.513277203991947, 12.330744822233896 ], [ 107.512785935070099, 12.329999430206378 ], [ 107.51211950059519, 12.329254520859006 ], [ 107.511698909255799, 12.328934257796984 ], [ 107.511231883452041, 12.328683314130517 ], [ 107.510426518303973, 12.328305602413936 ], [ 107.509924893943051, 12.328100149779139 ], [ 107.509446591237534, 12.328112455723538 ], [ 107.508910564459313, 12.328033809995102 ], [ 107.508128078215478, 12.32764571537952 ], [ 107.507836761478941, 12.327692439895559 ], [ 107.507277555158467, 12.327773249229322 ], [ 107.506845779982555, 12.32778625222252 ], [ 107.506356056227858, 12.327684588393351 ], [ 107.505632192257849, 12.327421310409214 ], [ 107.504861264368145, 12.326677338027778 ], [ 107.504440579201258, 12.326104075492138 ], [ 107.503832539685902, 12.325336015231944 ], [ 107.503143080043756, 12.324521265638369 ], [ 107.502804356959487, 12.324292844947328 ], [ 107.502232788846825, 12.324099311285009 ], [ 107.501684592077396, 12.324008338389508 ], [ 107.501007628722547, 12.323723156469175 ], [ 107.500458700955605, 12.323494400200902 ], [ 107.499875756849292, 12.323312259318616 ], [ 107.499291985749323, 12.323164006101596 ], [ 107.498802563368756, 12.323153805356634 ], [ 107.498196094520438, 12.323155969529619 ], [ 107.497624597758772, 12.32303018840523 ], [ 107.497088035322719, 12.322893922451453 ], [ 107.496480225936935, 12.322390119595617 ], [ 107.49602238160746, 12.322004474314706 ], [ 107.495377875359935, 12.322400201722756 ], [ 107.494492152420108, 12.322206132631123 ], [ 107.493350385526881, 12.321597648462026 ], [ 107.492080865054405, 12.32084011424797 ], [ 107.491043289633609, 12.320438478258257 ], [ 107.490053246273433, 12.320082710304916 ], [ 107.489272547322429, 12.319818770952253 ], [ 107.488654606979082, 12.319761158646156 ], [ 107.487908985479777, 12.319623388590429 ], [ 107.486673328565843, 12.319531870096789 ], [ 107.486230657434405, 12.319119147364743 ], [ 107.48500711594582, 12.318545249713063 ], [ 107.483468820997359, 12.318212514637354 ], [ 107.482466803455196, 12.317925719605221 ], [ 107.481243412749677, 12.31730549457923 ], [ 107.480055706985169, 12.316570868314512 ], [ 107.479193478406728, 12.315940574175753 ], [ 107.477656341137205, 12.31487253768179 ], [ 107.476433236122347, 12.314035434622227 ], [ 107.47479015790131, 12.313426886476435 ], [ 107.473019155835928, 12.312956143487121 ], [ 107.471608898732484, 12.312554408708117 ], [ 107.469814878778536, 12.311647893845089 ], [ 107.468487567344823, 12.310533848250179 ], [ 107.467672191935492, 12.309627504089404 ], [ 107.467311701533703, 12.30884693538218 ], [ 107.467453134245062, 12.307940984445791 ], [ 107.467466406664002, 12.306287376608687 ], [ 107.467397943637778, 12.304921382487013 ], [ 107.467236734767468, 12.303647710088489 ], [ 107.466993328271201, 12.302488850825922 ], [ 107.466714727195679, 12.301558453596872 ], [ 107.466132149367482, 12.300916545137236 ], [ 107.465398611364776, 12.300652096817961 ], [ 107.4647812779411, 12.300100851488718 ], [ 107.464234514588753, 12.298987640799396 ], [ 107.46337329388534, 12.298024085676786 ], [ 107.461975768298515, 12.296944507821873 ], [ 107.460531768025731, 12.295991834935185 ], [ 107.459043456548613, 12.294864983701695 ], [ 107.457453370129798, 12.29385338905667 ], [ 107.455511012619283, 12.293477645314931 ], [ 107.4541711103181, 12.293156483033124 ], [ 107.452656138588168, 12.293030019832672 ], [ 107.451141297456729, 12.292731869974681 ], [ 107.449591491087915, 12.292192324719874 ], [ 107.447070821635876, 12.292423173035836 ], [ 107.44495431139741, 12.292597536573558 ], [ 107.444287317648488, 12.29226153099931 ], [ 107.444028109677362, 12.291579916143165 ], [ 107.444262906893186, 12.289619292448377 ], [ 107.444397993940356, 12.288369280603142 ], [ 107.443921313648403, 12.287370585328464 ], [ 107.443701894753801, 12.285810514396747 ], [ 107.443598992199242, 12.284305873490952 ], [ 107.443520052976226, 12.282285990270871 ], [ 107.4437422654443, 12.281287830717334 ], [ 107.444058701446338, 12.280232358887957 ], [ 107.444176325717422, 12.279163977272511 ], [ 107.44370005517851, 12.278269184527216 ], [ 107.442419013253456, 12.277098073568643 ], [ 107.440590727971824, 12.275927316112513 ], [ 107.439403316488367, 12.27475648319316 ], [ 107.438776070724643, 12.273240691117232 ], [ 107.438370571247916, 12.271359238672089 ], [ 107.438512568222137, 12.270003756545989 ], [ 107.439364757105778, 12.268696168811678 ], [ 107.440497033166324, 12.26768652075466 ], [ 107.441768575205884, 12.266710641962971 ], [ 107.442305479980661, 12.265838438468599 ], [ 107.442155485845532, 12.264827784875283 ], [ 107.441865150008411, 12.263978762980711 ], [ 107.44109764630241, 12.262693501607046 ], [ 107.440446078785683, 12.261900776348361 ], [ 107.439212086763177, 12.260776652811815 ], [ 107.438944722572558, 12.260363390340521 ], [ 107.438759077973714, 12.259720121120642 ], [ 107.438294047738694, 12.258916693179447 ], [ 107.437606485797744, 12.258641571191225 ], [ 107.437187291866763, 12.258514279278614 ], [ 107.436651823848095, 12.258043534495629 ], [ 107.436734676030355, 12.256873809854136 ], [ 107.436713661054839, 12.255335672559983 ], [ 107.436598060503059, 12.254439908605683 ], [ 107.436412945839933, 12.25372773542488 ], [ 107.436040809599334, 12.252970914574497 ], [ 107.435820261524398, 12.252339245467398 ], [ 107.435767193143974, 12.252125117863752 ], [ 107.435536266697454, 12.251864003911258 ], [ 107.435216004417271, 12.250689948652596 ], [ 107.434732860935455, 12.249160427534875 ], [ 107.434470606306959, 12.247861615615175 ], [ 107.434347075388771, 12.246850714700747 ], [ 107.434117388433748, 12.246035019964967 ], [ 107.433417939356644, 12.245836787966944 ], [ 107.431865020379774, 12.245864102872385 ], [ 107.429759589857994, 12.246566068554982 ], [ 107.427223780718251, 12.247047064843873 ], [ 107.423838786128925, 12.246905292360864 ], [ 107.421819273513222, 12.246896008791929 ], [ 107.420283691440346, 12.245740546712936 ], [ 107.41907734736337, 12.244104407515058 ], [ 107.418555066492246, 12.243435842328218 ], [ 107.418325686813262, 12.242585110098791 ], [ 107.418096370063836, 12.241677902742108 ], [ 107.417949051494432, 12.240758679815547 ], [ 107.417730272546919, 12.240125841042726 ], [ 107.417369253701509, 12.239951690683332 ], [ 107.416911830420901, 12.240352161750625 ], [ 107.416811977639014, 12.241683561958427 ], [ 107.416758527905586, 12.243129759126351 ], [ 107.416399491340059, 12.244941208492401 ], [ 107.415552580160309, 12.246269017389842 ], [ 107.414098243460757, 12.247605555462705 ], [ 107.41231705566733, 12.248929148955252 ], [ 107.410641348057737, 12.250172743196096 ], [ 107.409821492989735, 12.250753718772311 ], [ 107.408465318480481, 12.25108074997871 ], [ 107.407144584336962, 12.251453771369656 ], [ 107.406477786302929, 12.251691162457202 ], [ 107.40598519906942, 12.252207136144424 ], [ 107.405098871177032, 12.252424989229478 ], [ 107.40380426177714, 12.253021406801794 ], [ 107.401879491462225, 12.254225350023411 ], [ 107.400024395393089, 12.25558002530445 ], [ 107.398718305317573, 12.256370793487244 ], [ 107.398686835408, 12.256399688323631 ], [ 107.398017826849625, 12.257013949148572 ], [ 107.397970338519954, 12.257668336970822 ], [ 107.3967944548573, 12.258566590592553 ], [ 107.394563778384722, 12.257316112397319 ], [ 107.393798574760424, 12.257481535168179 ], [ 107.392629877302653, 12.257650476600746 ], [ 107.392487446910351, 12.259755095352133 ], [ 107.391779043763108, 12.26174559414496 ], [ 107.3905739089127, 12.26235139760683 ], [ 107.38916487244029, 12.262720856804762 ], [ 107.387683704096389, 12.264043412398435 ], [ 107.38673065287783, 12.265758228214226 ], [ 107.385678658148151, 12.26604764193096 ], [ 107.384142561077496, 12.266972326698404 ], [ 107.382613732498328, 12.268707005488961 ], [ 107.380974653311753, 12.269632570614185 ], [ 107.379129651528672, 12.270559917971534 ], [ 107.378007140568414, 12.271683502903485 ], [ 107.376575752066273, 12.272809763033857 ], [ 107.375445958960327, 12.273123334630556 ], [ 107.374112064322404, 12.273641190032732 ], [ 107.372781789442769, 12.27456404115787 ], [ 107.370721741852591, 12.274480616188731 ], [ 107.369178289909399, 12.274595228691707 ], [ 107.366197048136215, 12.275127288961484 ], [ 107.364353748748073, 12.276257055651467 ], [ 107.363442481595243, 12.277986325086692 ], [ 107.361802359110229, 12.278810547945612 ], [ 107.360061972689039, 12.279939405338395 ], [ 107.358624139508265, 12.280356830814428 ], [ 107.357398531004733, 12.281481241160845 ], [ 107.355443174756289, 12.281599327416155 ], [ 107.353799398587086, 12.282018502319318 ], [ 107.351844031967545, 12.28213656565806 ], [ 107.349894952912152, 12.282963382033012 ], [ 107.347831223613056, 12.282474785204482 ], [ 107.346280513689777, 12.28177925576292 ], [ 107.34421410590997, 12.280986872098868 ], [ 107.343393997786663, 12.281398933938068 ], [ 107.342895315500613, 12.283225890833226 ], [ 107.340224550479959, 12.283957558723193 ], [ 107.336622626228845, 12.284190847981069 ], [ 107.333955394887113, 12.285327471754208 ], [ 107.331186955965308, 12.286667459983446 ], [ 107.329644268017887, 12.28688311731727 ], [ 107.32725826621845, 12.284878185435831 ], [ 107.324586525994249, 12.285508457105154 ], [ 107.32202661495144, 12.2871503732578 ], [ 107.319964639158911, 12.286864073648912 ], [ 107.318411285764199, 12.285864613818186 ], [ 107.316138957471637, 12.285073753321479 ], [ 107.314464072884945, 12.281948783949305 ], [ 107.312398598594513, 12.281257398025627 ], [ 107.310530226121827, 12.279551704098305 ], [ 107.308566858969883, 12.278758159635384 ], [ 107.307548403663745, 12.278868005801854 ], [ 107.305896051103318, 12.278314849814604 ], [ 107.303177110443826, 12.278256717358389 ], [ 107.300615874397266, 12.277387125695984 ], [ 107.299458463731739, 12.276910780760725 ], [ 107.298060270696467, 12.277165546513764 ], [ 107.295836258924496, 12.277184197593996 ], [ 107.294617534512611, 12.279138672941734 ], [ 107.294836472843599, 12.282539299221117 ], [ 107.293464960727874, 12.283976583922078 ], [ 107.293938042961557, 12.285333605724587 ], [ 107.29269101617848, 12.28592733199164 ], [ 107.292768702135035, 12.287287666575706 ], [ 107.292118687967672, 12.288330052049162 ], [ 107.292454361016553, 12.289040136814627 ], [ 107.29246615164702, 12.290401025271308 ], [ 107.293000090903334, 12.291174255514065 ], [ 107.292277994927701, 12.291504349878716 ], [ 107.290959984653497, 12.291515389747495 ], [ 107.29116498249013, 12.292356189119754 ], [ 107.290978504373953, 12.293653927195876 ], [ 107.291647057768415, 12.294750077974667 ], [ 107.291991726742125, 12.296497029407652 ], [ 107.291538836459836, 12.297472956251765 ], [ 107.292492462877632, 12.298151936501833 ], [ 107.292538954565686, 12.298649278951746 ], [ 107.291193228876296, 12.299116811383085 ], [ 107.290782952926349, 12.300447534592482 ], [ 107.291252659511741, 12.301107240254305 ], [ 107.293282232792464, 12.301670911383791 ], [ 107.293883518499797, 12.302910194309199 ], [ 107.294190285265671, 12.304234903079371 ], [ 107.293990913724798, 12.305563858670716 ], [ 107.293872297992522, 12.306477360325182 ], [ 107.292946528225244, 12.306733994160707 ], [ 107.291465597699741, 12.306207206261979 ], [ 107.289751004989839, 12.307922161034883 ], [ 107.289299255334996, 12.309336186448254 ], [ 107.289059477152747, 12.310872870985941 ], [ 107.289699718698103, 12.311738536617655 ], [ 107.289928956239777, 12.313851975439579 ], [ 107.291111792088572, 12.314049445084663 ], [ 107.291330610035047, 12.314960115984693 ], [ 107.291086525205614, 12.315999104584209 ], [ 107.291093004801994, 12.316745647604547 ], [ 107.290852878504097, 12.318240855675711 ], [ 107.289422333077141, 12.318667630080613 ], [ 107.289006279351781, 12.319334761634803 ], [ 107.289097834934594, 12.320163547804361 ], [ 107.288157046775481, 12.32034287275714 ], [ 107.287997894278305, 12.320407632878876 ], [ 107.287661809686128, 12.320548883187438 ], [ 107.287410519588491, 12.320758377070694 ], [ 107.287085699230175, 12.321287417884417 ], [ 107.286786427216128, 12.321759070858263 ], [ 107.286493314097001, 12.322010392574231 ], [ 107.286328541336573, 12.322468027708432 ], [ 107.285953579222451, 12.323010378626885 ], [ 107.285468824540771, 12.323054842437397 ], [ 107.284116904845163, 12.322617721121922 ], [ 107.282544131724649, 12.322214065930025 ], [ 107.281401750034362, 12.321961555436516 ], [ 107.280270245517841, 12.322236459130348 ], [ 107.279931506679759, 12.322787130192147 ], [ 107.279580204503006, 12.323612391752597 ], [ 107.278425894138422, 12.323509072539048 ], [ 107.2773658175105, 12.323209546317912 ], [ 107.276513940424451, 12.323473065511985 ], [ 107.275112178247667, 12.324849278065871 ], [ 107.274447539088683, 12.325044586259425 ], [ 107.274074740875491, 12.324711079919449 ], [ 107.273247856829144, 12.324342949606208 ], [ 107.271824932892827, 12.324732076028168 ], [ 107.270832062023274, 12.32550054418884 ], [ 107.269492238964673, 12.325201055286946 ], [ 107.268820119934631, 12.325018808455351 ], [ 107.268687900330164, 12.324982956845748 ], [ 107.268082828454624, 12.324557616536087 ], [ 107.26789848550618, 12.323226245437789 ], [ 107.267154129458817, 12.322433815938691 ], [ 107.26710971908561, 12.321343010609892 ], [ 107.266702614523226, 12.320825654724958 ], [ 107.26623548776152, 12.321078040435596 ], [ 107.265815868843461, 12.321043118333669 ], [ 107.265363094988075, 12.32009012047666 ], [ 107.264678412390921, 12.318551662485115 ], [ 107.26445916352337, 12.317299644923709 ], [ 107.264436631366124, 12.316748595647192 ], [ 107.263493106063819, 12.316439004694553 ], [ 107.26289899177452, 12.316082462182452 ], [ 107.262575148167784, 12.31495669165535 ], [ 107.262214960172173, 12.3143485696749 ], [ 107.261678299845485, 12.314462583620418 ], [ 107.261058900734014, 12.315311512149943 ], [ 107.260556837072357, 12.315575471805722 ], [ 107.260008671180984, 12.315620673975557 ], [ 107.259694065500355, 12.315505800105436 ], [ 107.259474086526041, 12.314702225859927 ], [ 107.259160972638867, 12.313955900461856 ], [ 107.258240007601202, 12.313931887496707 ], [ 107.257235284137394, 12.314860805112408 ], [ 107.256757406795671, 12.314998045458037 ], [ 107.256222723019505, 12.313999389258935 ], [ 107.255967996316556, 12.313161079736691 ], [ 107.255572450451822, 12.312782545182671 ], [ 107.255024480536022, 12.312850325920104 ], [ 107.254009924058352, 12.312964880701264 ], [ 107.253322702336334, 12.312734465773469 ], [ 107.253009471088504, 12.311770119356215 ], [ 107.252847320991989, 12.31141337691505 ], [ 107.25199634662566, 12.31137859757907 ], [ 107.25076053760138, 12.311412502917689 ], [ 107.250306063140371, 12.311262622011922 ], [ 107.250109569670641, 12.310447545179626 ], [ 107.250135119071246, 12.30933355687082 ], [ 107.25009007401998, 12.308495769762485 ], [ 107.249577763912967, 12.308231144668003 ], [ 107.248691930915555, 12.308081421811327 ], [ 107.248003909257832, 12.308092730133875 ], [ 107.247736113929435, 12.307942438110869 ], [ 107.247364829786704, 12.30710507275146 ], [ 107.247027230801379, 12.306851431387669 ], [ 107.246514301086719, 12.306851128997341 ], [ 107.246152425470996, 12.306917361013971 ], [ 107.245864006267581, 12.30684065964264 ], [ 107.24541381060537, 12.3067201033054 ], [ 107.244539677575617, 12.306932869914327 ], [ 107.243992931218642, 12.307144076724725 ], [ 107.243312264878185, 12.306736231525029 ], [ 107.243177463350307, 12.305877713841856 ], [ 107.243005385198373, 12.304755176832453 ], [ 107.242845485563706, 12.303713869273558 ], [ 107.24266835576887, 12.3034171086572 ], [ 107.242305447936914, 12.303293570465003 ], [ 107.241644069683559, 12.303871701139371 ], [ 107.240582885698373, 12.303971898805734 ], [ 107.24028897530529, 12.303721277049149 ], [ 107.240181736486448, 12.30347025535235 ], [ 107.240619871286455, 12.302710962562546 ], [ 107.240928950797695, 12.301905284033021 ], [ 107.240225721654554, 12.301543926885431 ], [ 107.238555336429869, 12.301464981135327 ], [ 107.237164837283473, 12.30126964470624 ], [ 107.236469307900194, 12.300391985243373 ], [ 107.235943818844476, 12.298837430476976 ], [ 107.235590858597647, 12.298530804251641 ], [ 107.234607256762771, 12.298090391047662 ], [ 107.23322623058182, 12.297654347868839 ], [ 107.231805713658403, 12.296622187474542 ], [ 107.230690388094246, 12.295816838543411 ], [ 107.229987956583656, 12.295546942243545 ], [ 107.228765328072484, 12.295911603581473 ], [ 107.227673858669334, 12.296710092332479 ], [ 107.227151921309186, 12.297139075590936 ], [ 107.226687784655425, 12.297474960562543 ], [ 107.226055324777533, 12.297193187310343 ], [ 107.225710958348813, 12.296473039292588 ], [ 107.225424605851956, 12.295684641265414 ], [ 107.224685406164838, 12.295208310139969 ], [ 107.224126108720114, 12.295293061484864 ], [ 107.223418756950863, 12.295940431335367 ], [ 107.223030661769087, 12.297055124904325 ], [ 107.222650394934561, 12.297734853528503 ], [ 107.222091285511311, 12.297911097635234 ], [ 107.221779842088552, 12.296869864884702 ], [ 107.222050191737821, 12.295549410172343 ], [ 107.222152020504893, 12.295158866175672 ], [ 107.22148780786155, 12.295267056238538 ], [ 107.220056306544521, 12.295862688522194 ], [ 107.219616773601643, 12.296393785793423 ], [ 107.219811703174173, 12.297446135068261 ], [ 107.220661982634837, 12.298769918259813 ], [ 107.220317411682601, 12.299460651230039 ], [ 107.218530432810596, 12.299382525655551 ], [ 107.217300835192773, 12.298852541509998 ], [ 107.216420152682758, 12.298216928662029 ], [ 107.215880453162185, 12.297831584271258 ], [ 107.215193353502343, 12.298020148519905 ], [ 107.214929173069237, 12.298641319253935 ], [ 107.213122870360195, 12.298999347008845 ], [ 107.211604873015759, 12.299010498490043 ], [ 107.210569796336728, 12.297975096963272 ], [ 107.209817498476511, 12.297304533699915 ], [ 107.209179207579993, 12.297767187102828 ], [ 107.209108570915049, 12.299212544647766 ], [ 107.208913868456435, 12.299764243162796 ], [ 107.207522222832708, 12.299430946596738 ], [ 107.206813384411376, 12.298323987630381 ], [ 107.206848904340561, 12.296798709065406 ], [ 107.206832356868333, 12.296192234894704 ], [ 107.205931499726475, 12.29595776122073 ], [ 107.205072373965677, 12.296526112340992 ], [ 107.204588666737706, 12.297412248820388 ], [ 107.203670375314147, 12.297981073759956 ], [ 107.202259774294774, 12.298198028104798 ], [ 107.200971910277872, 12.297703452092868 ], [ 107.199454529010907, 12.296200826478481 ], [ 107.198106764340793, 12.295477401538726 ], [ 107.196155733842545, 12.295286349811398 ], [ 107.194031703486147, 12.295358746471495 ], [ 107.192222043293597, 12.29538455178186 ], [ 107.190818558127631, 12.295004941397845 ], [ 107.190146822814739, 12.294138242409506 ], [ 107.190223735403592, 12.293507289988067 ], [ 107.191066386572942, 12.292263591950876 ], [ 107.191447396998171, 12.291733001157763 ], [ 107.191219916675252, 12.290966670773292 ], [ 107.190404154602106, 12.291156203180577 ], [ 107.18959142869187, 12.291712840629051 ], [ 107.188895683517927, 12.290788715775328 ], [ 107.188127050106999, 12.289453984042668 ], [ 107.186822124580019, 12.289806694483348 ], [ 107.185787787479285, 12.290445296537765 ], [ 107.185096227239342, 12.290026075414003 ], [ 107.185761831593183, 12.288554487822571 ], [ 107.18559895190927, 12.287053368304132 ], [ 107.184935448919575, 12.285717783242731 ], [ 107.18492385342185, 12.285728391480324 ], [ 107.184325200817725, 12.2848491808201 ], [ 107.184003103344153, 12.284376171090617 ], [ 107.18347193086079, 12.283623548848851 ], [ 107.183037124238822, 12.28320340033993 ], [ 107.182291993237669, 12.28352902907187 ], [ 107.181728461208166, 12.284633791331521 ], [ 107.181208241518576, 12.285279573542628 ], [ 107.18025470420082, 12.285826009335919 ], [ 107.179563916207968, 12.285498265422842 ], [ 107.179185890767599, 12.284928545931677 ], [ 107.178969837775114, 12.284149681191817 ], [ 107.178930850786926, 12.28359985470034 ], [ 107.178752204776018, 12.28310875204763 ], [ 107.178120837790715, 12.283021144216287 ], [ 107.17687253288338, 12.283133869028637 ], [ 107.176089561687718, 12.282979683670604 ], [ 107.175806562440584, 12.282579778194844 ], [ 107.176059059056684, 12.281993744568705 ], [ 107.176218405295657, 12.28146493313835 ], [ 107.175910738360145, 12.280928537236628 ], [ 107.175020224357624, 12.28047697437481 ], [ 107.172948843411277, 12.279815629077346 ], [ 107.17144242023484, 12.279688630536102 ], [ 107.170019140633215, 12.279825301858086 ], [ 107.169210283512342, 12.279384368148705 ], [ 107.168304174139521, 12.278359041699268 ], [ 107.167660027989754, 12.278112227319939 ], [ 107.166482548613303, 12.278315843555189 ], [ 107.165055439544176, 12.277913674397444 ], [ 107.163725580657399, 12.278025851308202 ], [ 107.162246245204656, 12.278472451225426 ], [ 107.160778964282699, 12.278918947889714 ], [ 107.159319986814339, 12.278975640940812 ], [ 107.158254137904052, 12.278501677356688 ], [ 107.15744558405126, 12.278095721383563 ], [ 107.156546582025143, 12.278079077848782 ], [ 107.155646287472905, 12.277833120671648 ], [ 107.155196756107387, 12.277079785482604 ], [ 107.155133268791346, 12.276335837973262 ], [ 107.154799598133678, 12.27542117856084 ], [ 107.154190582748924, 12.275184219878927 ], [ 107.153271961880989, 12.275650084642155 ], [ 107.152283261121028, 12.276115366969957 ], [ 107.151884271177408, 12.275855289691266 ], [ 107.151490183830248, 12.274642866661374 ], [ 107.151403427631465, 12.273931860553459 ], [ 107.151470981596304, 12.273621801841655 ], [ 107.15178386592639, 12.273322243480427 ], [ 107.153196654480581, 12.273380055093121 ], [ 107.153718353421553, 12.2728382356431 ], [ 107.153327692155187, 12.272118321325115 ], [ 107.152617754522538, 12.270839472911254 ], [ 107.152001436411481, 12.269559885336177 ], [ 107.152385102771191, 12.267792338373884 ], [ 107.152678417208307, 12.266356492928539 ], [ 107.152114573599974, 12.265879682548965 ], [ 107.150951662806534, 12.266530458366868 ], [ 107.149996069674444, 12.266754849582069 ], [ 107.149183577962901, 12.265786318278204 ], [ 107.148171936569327, 12.26469282258684 ], [ 107.147503008214997, 12.264216824250243 ], [ 107.146547042223744, 12.264394888816872 ], [ 107.145682281658594, 12.264275134300872 ], [ 107.145338200812304, 12.263487059360555 ], [ 107.146162844500168, 12.262907864732327 ], [ 107.147330657451008, 12.261443710817272 ], [ 107.148279024578244, 12.260186872936796 ], [ 107.148736747925994, 12.258980192649384 ], [ 107.148136697318691, 12.258284498819695 ], [ 107.146932482840256, 12.258087196763642 ], [ 107.145813917821386, 12.258325271359643 ], [ 107.144895230258669, 12.258778674697265 ], [ 107.144359016444128, 12.25887436997532 ], [ 107.144181916191258, 12.258635135224651 ], [ 107.144153476650686, 12.257958685332115 ], [ 107.144168350147694, 12.256743044247187 ], [ 107.145272841890616, 12.256185391430721 ], [ 107.146036960380528, 12.255297144328026 ], [ 107.146322679975327, 12.254480418764835 ], [ 107.146222049075519, 12.253541321695925 ], [ 107.145715059244267, 12.252846021023501 ], [ 107.145208437428934, 12.252195903167014 ], [ 107.144895971853558, 12.252119268511525 ], [ 107.144479366922639, 12.25145037024639 ], [ 107.144574483671931, 12.251210137033913 ], [ 107.145196917978595, 12.250628012152395 ], [ 107.145526595074671, 12.250205197636534 ], [ 107.144874630520889, 12.249832983591793 ], [ 107.14371730969907, 12.250032938349886 ], [ 107.143226132158716, 12.250156518878605 ], [ 107.142468478530773, 12.249852903783811 ], [ 107.141786952739693, 12.250514561016336 ], [ 107.141038848216851, 12.250683069994468 ], [ 107.14035196618704, 12.25025350309337 ], [ 107.139565265229336, 12.24905314464999 ], [ 107.139218245655115, 12.248465029964512 ], [ 107.139618091819941, 12.248054101915111 ], [ 107.140638194101456, 12.247360438177111 ], [ 107.141434090173661, 12.247066165283744 ], [ 107.141917965116988, 12.246322456050484 ], [ 107.141769866075975, 12.245689865697971 ], [ 107.140638824486032, 12.245372208937695 ], [ 107.139284735118181, 12.245169253397608 ], [ 107.138026234505489, 12.244712499360183 ], [ 107.137142949156683, 12.243995252440145 ], [ 107.136634339047276, 12.243164380269128 ], [ 107.136592155899635, 12.242417992180281 ], [ 107.137166176871773, 12.242099476798909 ], [ 107.137889177792744, 12.2423107478959 ], [ 107.138354587385933, 12.242554523530355 ], [ 107.138727875051885, 12.242626175321938 ], [ 107.139092676387818, 12.242214392431396 ], [ 107.139191327180598, 12.241342645495555 ], [ 107.138580650149564, 12.239960160025271 ], [ 107.137826333256356, 12.239139109255703 ], [ 107.136775765886838, 12.239041092299962 ], [ 107.135957932823402, 12.23910506562968 ], [ 107.135518305416241, 12.238423898877874 ], [ 107.135756072320618, 12.237782653305993 ], [ 107.136520459386858, 12.236857154324991 ], [ 107.137376808974338, 12.23629921267306 ], [ 107.137854496520887, 12.236428798367539 ], [ 107.138712892661431, 12.237410583802482 ], [ 107.139237377121148, 12.237574822449208 ], [ 107.139543571736539, 12.237231277367856 ], [ 107.139666187098626, 12.236197800258013 ], [ 107.139532768189127, 12.235175353688316 ], [ 107.139290452384216, 12.234679053392755 ], [ 107.139492806775223, 12.233991766049252 ], [ 107.13999854291329, 12.233397009417706 ], [ 107.139757929139051, 12.23268379803379 ], [ 107.139212418667739, 12.232117559153204 ], [ 107.138538970106197, 12.231423529617285 ], [ 107.138447759683714, 12.231078559023606 ], [ 107.138708777184732, 12.230402111680668 ], [ 107.138688015204977, 12.230033999270638 ], [ 107.138012668514222, 12.229674366596418 ], [ 107.136600858230352, 12.22942438681012 ], [ 107.135832998643849, 12.228914090257581 ], [ 107.135358960457026, 12.228164277546817 ], [ 107.134422262559838, 12.228582753440403 ], [ 107.133718843239677, 12.228946321495616 ], [ 107.132718627503564, 12.228319201451836 ], [ 107.13178149171938, 12.226820605665306 ], [ 107.130969760697866, 12.225849722707977 ], [ 107.130589167416431, 12.225077710251295 ], [ 107.129986902785475, 12.22430402500156 ], [ 107.129660465568975, 12.224199232931348 ], [ 107.128907676823204, 12.225067008452433 ], [ 107.128516278552652, 12.226030267219437 ], [ 107.127438169491271, 12.22657520940019 ], [ 107.126396762190154, 12.226970745764238 ], [ 107.12565217305665, 12.22649525688459 ], [ 107.12517708415956, 12.225825636625508 ], [ 107.124235917595669, 12.225038739154126 ], [ 107.123853998821559, 12.224529941050106 ], [ 107.123928856419724, 12.223692265437663 ], [ 107.124099016027387, 12.22263582563609 ], [ 107.123915740051771, 12.222048674420638 ], [ 107.123298104754696, 12.221792484235074 ], [ 107.122479207388636, 12.222005536554917 ], [ 107.121810973944378, 12.2224614365863 ], [ 107.121398205445828, 12.223124357491036 ], [ 107.120903742616278, 12.223696403744571 ], [ 107.120435957004375, 12.223797163280953 ], [ 107.120138436672079, 12.222852777484819 ], [ 107.120482449740066, 12.221992693198866 ], [ 107.120698134170212, 12.221098576815585 ], [ 107.120880005399854, 12.219996858952173 ], [ 107.12090722001544, 12.219376449756291 ], [ 107.120033726631689, 12.218934695509471 ], [ 107.118922080936301, 12.219305888693896 ], [ 107.118138104371027, 12.219577401813893 ], [ 107.117531336621354, 12.219458935405964 ], [ 107.117325816594473, 12.218744293274424 ], [ 107.116654615497438, 12.21767173230217 ], [ 107.115795737997431, 12.216827678916779 ], [ 107.114981735236341, 12.216282646600213 ], [ 107.11402383268387, 12.216345360754898 ], [ 107.113015574827031, 12.216937155828644 ], [ 107.112685870594945, 12.217359933087335 ], [ 107.112380103779671, 12.217759932275868 ], [ 107.112703681965755, 12.218301960928708 ], [ 107.113554250527514, 12.218606094306663 ], [ 107.114042334790923, 12.218964976862365 ], [ 107.114039068261164, 12.219493698128986 ], [ 107.113113548741282, 12.219948165592733 ], [ 107.111958221292582, 12.219882476460723 ], [ 107.111283439874057, 12.219442555697352 ], [ 107.110901697708201, 12.218807207096365 ], [ 107.111023899274102, 12.217923978073564 ], [ 107.11077089967651, 12.217302327055126 ], [ 107.110251061530008, 12.216413854798867 ], [ 107.110584250812337, 12.215416038105415 ], [ 107.110683504705648, 12.214462943544842 ], [ 107.109715293719873, 12.214238778868108 ], [ 107.109073899093914, 12.214096833805892 ], [ 107.108201733839721, 12.213528498855499 ], [ 107.107554214061992, 12.21246702310092 ], [ 107.107209890018254, 12.21147778360239 ], [ 107.107122645072479, 12.210466242547461 ], [ 107.106765083576761, 12.209762916818953 ], [ 107.105789199078473, 12.208928756728143 ], [ 107.104438735180707, 12.20828837253439 ], [ 107.103843963815166, 12.208158482930125 ], [ 107.103492553621066, 12.208305768850002 ], [ 107.102977868097184, 12.208428318317099 ], [ 107.102161770576316, 12.208193922857108 ], [ 107.101734284665511, 12.207432377831028 ], [ 107.100595771884741, 12.206506800412102 ], [ 107.100814810540598, 12.205082834229554 ], [ 107.101608550638133, 12.2032839421245 ], [ 107.102072791239934, 12.201862624731065 ], [ 107.100175247683651, 12.200942830898537 ], [ 107.099936999977174, 12.201339550780524 ], [ 107.100175027241235, 12.200914850995964 ], [ 107.099876919929784, 12.20002804635013 ], [ 107.098646821147199, 12.198768759548118 ], [ 107.096981412798073, 12.198010977537752 ], [ 107.097407246974868, 12.19710623172406 ], [ 107.097136003393857, 12.195690516038383 ], [ 107.097279942256264, 12.195082768274986 ], [ 107.098075980749272, 12.194743448547424 ], [ 107.09835960153319, 12.19422840340134 ], [ 107.097969216367446, 12.193214640035022 ], [ 107.097799151173987, 12.192398027595807 ], [ 107.098073592005392, 12.191445857540714 ], [ 107.097867899458493, 12.190698427656942 ], [ 107.097062694917142, 12.19060061917116 ], [ 107.095914939348859, 12.19119114387993 ], [ 107.095121435512027, 12.191048052280818 ], [ 107.095113818205377, 12.190370285707759 ], [ 107.095516861732321, 12.189488311684798 ], [ 107.095836577953577, 12.188743664482528 ], [ 107.095974325293454, 12.187273998397336 ], [ 107.09559268405053, 12.186639743268005 ], [ 107.09443155970817, 12.185597933900826 ], [ 107.093985564770733, 12.184078472164313 ], [ 107.093483780992244, 12.182179850069311 ], [ 107.092824231867496, 12.181176023314212 ], [ 107.092079487239687, 12.180803217193874 ], [ 107.090688892922515, 12.180954969448759 ], [ 107.089282786693431, 12.181693152285067 ], [ 107.088626876058257, 12.182033641996615 ], [ 107.087868087686317, 12.18199419598913 ], [ 107.086844297776366, 12.181400932517944 ], [ 107.085945713012265, 12.181326387194092 ], [ 107.085765381842478, 12.182129846719919 ], [ 107.08672722567772, 12.183318941184805 ], [ 107.087605720498999, 12.184715399643849 ], [ 107.087797034224081, 12.185831237592275 ], [ 107.087071269512279, 12.186124805934062 ], [ 107.08505120009066, 12.186111839148634 ], [ 107.083485435541391, 12.186262623851528 ], [ 107.082497225747801, 12.185521084621532 ], [ 107.081394020864948, 12.18453751891729 ], [ 107.080555033498015, 12.184302087631366 ], [ 107.080196199712688, 12.185632211254623 ], [ 107.079668192515655, 12.186031593529787 ], [ 107.078382108112535, 12.186263841074773 ], [ 107.077278821366079, 12.187187223335291 ], [ 107.075800366431366, 12.188304349907044 ], [ 107.074983109158097, 12.188206565138714 ], [ 107.073622628296832, 12.187290425019434 ], [ 107.073580647873555, 12.186542864342456 ], [ 107.07468360620561, 12.185723431915646 ], [ 107.074818118382922, 12.184782492050095 ], [ 107.07461322588442, 12.183907369053816 ], [ 107.073988600283457, 12.183030881880038 ], [ 107.073083705607999, 12.182070640286819 ], [ 107.072467991940982, 12.181527349853461 ], [ 107.072015178312611, 12.181110492974755 ], [ 107.072942419857611, 12.180438122892893 ], [ 107.073680200248219, 12.180064290562997 ], [ 107.073718367819708, 12.179581612690601 ], [ 107.073042957827056, 12.179335887748982 ], [ 107.071783630463941, 12.179017723992791 ], [ 107.070653759259685, 12.178585610334405 ], [ 107.070119145731837, 12.178133211393165 ], [ 107.069701589151933, 12.177670896287964 ], [ 107.069929935156011, 12.176685193885358 ], [ 107.071056929573018, 12.175784259090328 ], [ 107.072530326871259, 12.175426377415368 ], [ 107.073932800932951, 12.175252035814648 ], [ 107.074707243519114, 12.174647464563074 ], [ 107.075088850951786, 12.173363492946192 ], [ 107.075483427446002, 12.171975488683 ], [ 107.07627162563125, 12.171073694666713 ], [ 107.077696724950457, 12.170933059475333 ], [ 107.078118772186158, 12.170717497233563 ], [ 107.078555693035256, 12.169904200341009 ], [ 107.079562546297282, 12.169509127800323 ], [ 107.080066336548072, 12.169247758491176 ], [ 107.080246167151699, 12.168525643897754 ], [ 107.080155191031636, 12.168123019560531 ], [ 107.079774532537414, 12.167384789368576 ], [ 107.079555338393291, 12.166958276106502 ], [ 107.0795235436415, 12.166487422976791 ], [ 107.078580935766141, 12.165987271383948 ], [ 107.077966686281982, 12.165258704068027 ], [ 107.078554665505962, 12.164527870847827 ], [ 107.079026958467765, 12.163760627362173 ], [ 107.079020132218275, 12.162956318167975 ], [ 107.078510014252089, 12.16240207348017 ], [ 107.077775993872123, 12.16214436862119 ], [ 107.076840048481827, 12.162425925023177 ], [ 107.075913566114821, 12.163039547041272 ], [ 107.075500007256991, 12.163830069493279 ], [ 107.075136311458564, 12.164091507082933 ], [ 107.074063276911261, 12.163947050671226 ], [ 107.073365367404577, 12.163459728452404 ], [ 107.072900715646668, 12.163066681236067 ], [ 107.071938135646533, 12.162060537353145 ], [ 107.071322994237178, 12.161435891137542 ], [ 107.070439639120494, 12.160798566322718 ], [ 107.07006016243119, 12.159911184715614 ], [ 107.069422195871581, 12.159229088166116 ], [ 107.068600651479869, 12.159901775842762 ], [ 107.067870313893067, 12.16086185979097 ], [ 107.066898981620398, 12.161246454150277 ], [ 107.065851158292702, 12.160722186027934 ], [ 107.065307756642568, 12.159868782343345 ], [ 107.06461339610739, 12.158945332253108 ], [ 107.064105464823939, 12.158000152124671 ], [ 107.062893008466958, 12.15771547135661 ], [ 107.062154786342234, 12.158101698555901 ], [ 107.06221664089982, 12.159423022431426 ], [ 107.062150766673852, 12.160560023064084 ], [ 107.061328804638364, 12.161256420116928 ], [ 107.059751266229327, 12.161429733224477 ], [ 107.058855474771576, 12.160964178542583 ], [ 107.058770793847572, 12.159584275057483 ], [ 107.059138561171565, 12.158656284558145 ], [ 107.059180911145759, 12.157519457865567 ], [ 107.058553881773847, 12.156986373482267 ], [ 107.056788395878357, 12.157354249927456 ], [ 107.056346119141409, 12.15717904131969 ], [ 107.056526450017287, 12.156364291283236 ], [ 107.058012941607345, 12.155777066191767 ], [ 107.059114166762441, 12.155187055273094 ], [ 107.059257745079989, 12.154670827509365 ], [ 107.058644103478741, 12.153861988302175 ], [ 107.057258463660006, 12.153301783261215 ], [ 107.056140771632528, 12.152719243471836 ], [ 107.055515802355075, 12.151853993019571 ], [ 107.055138074372934, 12.150737230668373 ], [ 107.054841608200391, 12.149585972067239 ], [ 107.055152589019741, 12.148439238729651 ], [ 107.055122129129458, 12.147761623053977 ], [ 107.054525731163324, 12.147849652779211 ], [ 107.053304642283493, 12.14897828757193 ], [ 107.052650162731311, 12.149054317729505 ], [ 107.052325037702175, 12.148731365435218 ], [ 107.052660538118261, 12.147411602109752 ], [ 107.053447831608523, 12.146612683867961 ], [ 107.054071979821259, 12.145801419397459 ], [ 107.054205502729758, 12.145020909369938 ], [ 107.054562318121341, 12.144011664445381 ], [ 107.054930088567573, 12.143083679671054 ], [ 107.054876173288363, 12.142416405440496 ], [ 107.054129989791349, 12.142285245343034 ], [ 107.051884924605901, 12.142765090260461 ], [ 107.050112203435063, 12.142477714847768 ], [ 107.049406863779822, 12.141381441207461 ], [ 107.048832621679793, 12.139860541256184 ], [ 107.048130537382363, 12.138362050142826 ], [ 107.047843345282672, 12.137591430714711 ], [ 107.04828041524037, 12.13678947061133 ], [ 107.049056609482847, 12.135966925433202 ], [ 107.049773710645979, 12.135225027490295 ], [ 107.049731216219342, 12.134547497423805 ], [ 107.049162289581602, 12.13409529160371 ], [ 107.048145134624875, 12.134260979274885 ], [ 107.046521337918477, 12.134159382128598 ], [ 107.045804049575565, 12.133360929616259 ], [ 107.04556630143118, 12.132221644189944 ], [ 107.04534866113633, 12.131610929862406 ], [ 107.044766407233823, 12.131366683816301 ], [ 107.044039956587071, 12.13178666173796 ], [ 107.042728390089422, 12.132340873447813 ], [ 107.041876101425132, 12.132369751957981 ], [ 107.041074518012067, 12.131744130876442 ], [ 107.039712120328133, 12.131126025912286 ], [ 107.038555590280225, 12.131232825917209 ], [ 107.037680220153675, 12.131170351521892 ], [ 107.037180929609235, 12.130741326599518 ], [ 107.03718090279483, 12.130741303297786 ], [ 107.036397407340758, 12.129162050251278 ], [ 107.035726056778145, 12.128295945820385 ], [ 107.035043049904601, 12.127406200644224 ], [ 107.034695396498932, 12.126756434950009 ], [ 107.033225129698536, 12.126278223244759 ], [ 107.03003143605514, 12.125502531543823 ], [ 107.028994897528122, 12.124675238027834 ], [ 107.02855056416756, 12.12238972398346 ], [ 107.028483317141237, 12.121136686903448 ], [ 107.027591611931086, 12.12022483605908 ], [ 107.026863416066746, 12.120098964220206 ], [ 107.026175000362585, 12.120426022389262 ], [ 107.025138421172755, 12.121578947222659 ], [ 107.023845276053905, 12.123305505998278 ], [ 107.023874852412604, 12.125186674004482 ], [ 107.023976844383412, 12.126286283027573 ], [ 107.023337700536956, 12.126720320168888 ], [ 107.022499054500059, 12.126416340493181 ], [ 107.02154809142705, 12.125683807112051 ], [ 107.019982139314394, 12.123763054091784 ], [ 107.02001185852987, 12.122880241480038 ], [ 107.022200855582298, 12.12062201264092 ], [ 107.022036560376236, 12.119748481913978 ], [ 107.021535052493164, 12.119124069964402 ], [ 107.020612489588643, 12.118908090393893 ], [ 107.01899961989217, 12.118832440440352 ], [ 107.017954196607135, 12.117339306762842 ], [ 107.017252020933512, 12.116924911700073 ], [ 107.016578135641907, 12.117573870856241 ], [ 107.016593282631788, 12.118572735035574 ], [ 107.016766806773262, 12.120101023532316 ], [ 107.016529329911165, 12.120758735058518 ], [ 107.01573136721197, 12.121026931572523 ], [ 107.014175146599129, 12.12039418267312 ], [ 107.012238647654087, 12.119155904369602 ], [ 107.009876603101915, 12.116119710831668 ], [ 107.008702464519857, 12.114708896164915 ], [ 107.007839983899132, 12.114452744487537 ], [ 107.005862158297091, 12.11497301576772 ], [ 107.005932840132047, 12.115233203969026 ], [ 107.00549667008444, 12.115479260111922 ], [ 107.004965964103874, 12.115442425678813 ], [ 107.00414844879657, 12.115127476120682 ], [ 107.003902268842992, 12.114908948176147 ], [ 107.00375694186863, 12.114589139988396 ], [ 107.003917117059999, 12.114206117181471 ], [ 107.00440199757999, 12.113641113837552 ], [ 107.005274341889944, 12.113073307962981 ], [ 107.006044026604187, 12.112365020993936 ], [ 107.006794400486925, 12.111838766397041 ], [ 107.007466248514419, 12.111713018773109 ], [ 107.00838368458615, 12.111726714589942 ], [ 107.009016879622067, 12.111882558437118 ], [ 107.009650227319142, 12.112058735584782 ], [ 107.01040778672602, 12.112493860158487 ], [ 107.010526305507241, 12.112529153905959 ], [ 107.010561945505771, 12.112535674216613 ], [ 107.010571189028383, 12.11254351564026 ], [ 107.011286498079656, 12.112778972578869 ], [ 107.011857676167764, 12.112855045011171 ], [ 107.012408458014463, 12.112890591430139 ], [ 107.012816137745119, 12.112827756070283 ], [ 107.013100071816623, 12.112644931619609 ], [ 107.013505427492277, 12.11211890415888 ], [ 107.012927679701235, 12.109203759724192 ], [ 107.012497505418636, 12.108407768448513 ], [ 107.011213248503793, 12.108208431063208 ], [ 107.010775951848458, 12.10807150744866 ], [ 107.010292735445717, 12.108011740531419 ], [ 107.009722168679431, 12.108015873810677 ], [ 107.008270307427978, 12.107463755217697 ], [ 107.007715289129436, 12.107397724547388 ], [ 107.005748290809791, 12.107122723814779 ], [ 107.005009525121778, 12.107587882098663 ], [ 107.004340827460425, 12.108135007454171 ], [ 107.004071908190596, 12.108330142281378 ], [ 107.002442869892079, 12.108883067115597 ], [ 107.002220031716917, 12.108560427306376 ], [ 107.002121503244496, 12.107047230817148 ], [ 107.002168976847173, 12.106715862428855 ], [ 107.002181418715452, 12.105611975606271 ], [ 107.002238535940663, 12.105111070480154 ], [ 107.002683672886661, 12.104606235960626 ], [ 107.003312808312955, 12.104219830594902 ], [ 107.004289422494807, 12.104012809639107 ], [ 107.005369370356917, 12.103884123438167 ], [ 107.007367502685071, 12.103949896452493 ], [ 107.008163822171142, 12.103737387664006 ], [ 107.00873817023232, 12.103270584239636 ], [ 107.008767489783452, 12.102328133368722 ], [ 107.007353355499859, 12.101229142443062 ], [ 107.006283734736201, 12.100819423993885 ], [ 107.003545502798161, 12.100885984438628 ], [ 107.003549057426497, 12.101027623332932 ], [ 107.003044990137951, 12.101172483322525 ], [ 107.00217028596289, 12.101419435676048 ], [ 107.001419035230541, 12.10182592451112 ], [ 107.000891022637674, 12.102070373545004 ], [ 106.999914147679561, 12.102319185720487 ], [ 106.999425837137522, 12.102422124275384 ], [ 106.999120044008947, 12.102444661891091 ], [ 106.998833874174423, 12.102326965624902 ], [ 106.99860734865922, 12.102047280540194 ], [ 106.9986457174587, 12.10172614483157 ], [ 106.999049061875013, 12.101081523601771 ], [ 106.999822640566336, 12.100975402387093 ], [ 107.000433330176492, 12.100810574393073 ], [ 107.001539280361371, 12.100078398477399 ], [ 107.00263646055221, 12.099307153882433 ], [ 107.00257653830046, 12.098197419497884 ], [ 107.00191152602865, 12.096354454545811 ], [ 107.000880207647086, 12.094572816266989 ], [ 107.000166482741804, 12.094261118611268 ], [ 106.997397948824414, 12.095683243260254 ], [ 106.995872310292242, 12.095592109240821 ], [ 106.99505885329296, 12.095306214891394 ], [ 106.99411716849913, 12.094560601781197 ], [ 106.993176968546507, 12.094014583981346 ], [ 106.993028933719756, 12.09298688853622 ], [ 106.990374714260781, 12.092744885791621 ], [ 106.965264128883192, 12.08322426966577 ], [ 106.965692064859212, 12.082156860589238 ], [ 106.965092829520657, 12.081285870148891 ], [ 106.964568917661154, 12.080045829852642 ], [ 106.963598004576824, 12.078945334602253 ], [ 106.963003417471782, 12.078368497472745 ], [ 106.962432055726296, 12.077988008183329 ], [ 106.961905726508732, 12.077303563354706 ], [ 106.960801100045245, 12.076742324179945 ], [ 106.959522107972077, 12.076642874880966 ], [ 106.958314832984328, 12.076302265860551 ], [ 106.95706300465524, 12.075674994279327 ], [ 106.955774791691326, 12.075253596017044 ], [ 106.954671353205455, 12.075062503702091 ], [ 106.953870260433177, 12.07485120727295 ], [ 106.952788739017819, 12.074832813770046 ], [ 106.951441743255486, 12.074456999023372 ], [ 106.949679537797707, 12.073653630039578 ], [ 106.948558233230543, 12.072577995745261 ], [ 106.947669418507616, 12.071584335743484 ], [ 106.947049156085981, 12.070500668114285 ], [ 106.946647448695529, 12.06963691226823 ], [ 106.946222950295166, 12.068795912066602 ], [ 106.945901624555404, 12.068173372578277 ], [ 106.945394565981971, 12.067503548412564 ], [ 106.944919038796172, 12.067305763609275 ], [ 106.944197360401375, 12.067358255860865 ], [ 106.943055705350687, 12.067673535256571 ], [ 106.941913463932565, 12.067987683712026 ], [ 106.940887588168778, 12.068360896994134 ], [ 106.940246442224179, 12.068598107885911 ], [ 106.939431126219887, 12.068720159435504 ], [ 106.938480065272202, 12.068323438999634 ], [ 106.937356468525863, 12.067718900185968 ], [ 106.935848461758567, 12.067054887535363 ], [ 106.934139903057812, 12.066917625605219 ], [ 106.932794269105955, 12.066403863164796 ], [ 106.931981812306788, 12.066203874381751 ], [ 106.9306609442785, 12.065460575219147 ], [ 106.929319082751903, 12.064349091592474 ], [ 106.928160258606979, 12.063709729389387 ], [ 106.926989060207006, 12.063265906103009 ], [ 106.925940782442581, 12.063477654746521 ], [ 106.924751632135226, 12.06389600118812 ], [ 106.923865457208066, 12.064222994709349 ], [ 106.922644161485579, 12.064239337188521 ], [ 106.921020326351751, 12.06358507518304 ], [ 106.919570179324211, 12.063059535378851 ], [ 106.918132004964306, 12.062441259024382 ], [ 106.917342766323557, 12.062194740836798 ], [ 106.916379781906741, 12.061890664382682 ], [ 106.915459824989398, 12.062068726436022 ], [ 106.914851124886908, 12.0625937636887 ], [ 106.914636334875453, 12.063384991363698 ], [ 106.914613854646959, 12.063462538969659 ], [ 106.914610579744618, 12.063676648690267 ], [ 106.914554107313663, 12.064229659950117 ], [ 106.914503324892323, 12.06451472842406 ], [ 106.914425607841736, 12.064644064408437 ], [ 106.914295279629997, 12.064800878253344 ], [ 106.914085007246982, 12.064854296543999 ], [ 106.913696124839944, 12.064976287181779 ], [ 106.913482810380017, 12.06524597081377 ], [ 106.913536720337149, 12.065401518048677 ], [ 106.913617556622981, 12.065711668099869 ], [ 106.913592458249028, 12.06581465595691 ], [ 106.913513990118673, 12.065919140500259 ], [ 106.913435727122362, 12.065971651028878 ], [ 106.913198682954842, 12.065973280215465 ], [ 106.912882270558399, 12.065871508462887 ], [ 106.912779832068964, 12.065872212330314 ], [ 106.912589498840674, 12.066013135649108 ], [ 106.912569720610705, 12.066314293297571 ], [ 106.912439750182557, 12.06652194684723 ], [ 106.912178352444812, 12.066731633038044 ], [ 106.911575051090722, 12.066968523642318 ], [ 106.911338190895265, 12.066996135525491 ], [ 106.911127201589366, 12.06686765254392 ], [ 106.911078924266491, 12.066809196139022 ], [ 106.910180539108026, 12.066926122048629 ], [ 106.909813162523079, 12.0670845608667 ], [ 106.909577786992614, 12.067240962997611 ], [ 106.909080620779619, 12.067633038654256 ], [ 106.908765677906445, 12.067739143967223 ], [ 106.908215587852737, 12.067871716748009 ], [ 106.9075591151514, 12.068058120199652 ], [ 106.907324105833325, 12.068266491869736 ], [ 106.907139864183165, 12.068267754343784 ], [ 106.906981657157118, 12.068216865561567 ], [ 106.906849676614485, 12.068140940467636 ], [ 106.906638664327659, 12.068090412320711 ], [ 106.906402008498006, 12.068066046933671 ], [ 106.906140052725917, 12.068197772958882 ], [ 106.906008615480886, 12.068198673050828 ], [ 106.90582400636454, 12.068147963464053 ], [ 106.905665064884815, 12.067993133315213 ], [ 106.905503935830922, 12.067528740877808 ], [ 106.905456606558943, 12.067482927483237 ], [ 106.904750180140553, 12.067282439913081 ], [ 106.904555990896498, 12.067406424533912 ], [ 106.90434588995106, 12.067484691419031 ], [ 106.904003808342495, 12.067487031553073 ], [ 106.90382014082202, 12.067488286920458 ], [ 106.903345530303241, 12.067336743904129 ], [ 106.903212785635318, 12.067233705813946 ], [ 106.903131830322465, 12.067160972141739 ], [ 106.901551100340299, 12.066340052858738 ], [ 106.901155874212492, 12.066212819067507 ], [ 106.900864774999889, 12.065956072079452 ], [ 106.900526140940826, 12.065780092497183 ], [ 106.899610877510881, 12.065766189201668 ], [ 106.899627743149409, 12.065861698063376 ], [ 106.899617608999947, 12.065971362399999 ], [ 106.899538768714791, 12.066023873345541 ], [ 106.898943400024251, 12.065840379542614 ], [ 106.898654490503645, 12.06589432309833 ], [ 106.898470790404318, 12.065972405565002 ], [ 106.898313499369024, 12.066051437690192 ], [ 106.898065255635117, 12.066090949543472 ], [ 106.897512197283305, 12.066125705703493 ], [ 106.897261979190475, 12.066136564706841 ], [ 106.897023615508616, 12.066112046230035 ], [ 106.895538725984494, 12.067091524046747 ], [ 106.895352410454834, 12.067292978591976 ], [ 106.8952683253071, 12.067376522766777 ], [ 106.894114988135158, 12.06760786123912 ], [ 106.893803714494538, 12.067692186236064 ], [ 106.893646778745961, 12.067822056915206 ], [ 106.893411008508352, 12.068005566791719 ], [ 106.893178167184715, 12.068524622323407 ], [ 106.893102618860226, 12.068964648211232 ], [ 106.892999920260067, 12.069380002953068 ], [ 106.89281733703578, 12.069536033463336 ], [ 106.892581016597205, 12.06964158691847 ], [ 106.892370943801509, 12.069643015402169 ], [ 106.892213649385639, 12.069722044640942 ], [ 106.892038530083269, 12.069796675579621 ], [ 106.891762450550544, 12.06979855145307 ], [ 106.891618261081064, 12.069863933089811 ], [ 106.891540174168171, 12.069942423609715 ], [ 106.891461965095033, 12.070085316499913 ], [ 106.891410185609246, 12.07015006997355 ], [ 106.89125343748745, 12.070307054821466 ], [ 106.891056529415252, 12.070385222861116 ], [ 106.890925185053334, 12.07039967357179 ], [ 106.890662123816128, 12.07037547338113 ], [ 106.890516813924677, 12.070362902322428 ], [ 106.890372268157236, 12.07037744245496 ], [ 106.8902806149095, 12.070404051627758 ], [ 106.89018923099519, 12.070469073931573 ], [ 106.890045769482427, 12.070638396355868 ], [ 106.889940610089042, 12.070703512155864 ], [ 106.889769843501242, 12.070744216694804 ], [ 106.889573057988386, 12.070757980434326 ], [ 106.889467629149806, 12.0707846829054 ], [ 106.889297523475463, 12.070837811067927 ], [ 106.889206118542432, 12.070981922964007 ], [ 106.889155066797116, 12.071150617665769 ], [ 106.88910280756977, 12.071228932308252 ], [ 106.889036982684047, 12.071255365787033 ], [ 106.888971818852028, 12.071294223150455 ], [ 106.888866207619913, 12.071294940042559 ], [ 106.8887479689499, 12.071295742602526 ], [ 106.888717668318193, 12.071307962673037 ], [ 106.888500561102347, 12.071621689714334 ], [ 106.888474878599951, 12.071724680683413 ], [ 106.888410173673122, 12.071829066333471 ], [ 106.888302124344591, 12.071920963407987 ], [ 106.884912511134928, 12.073269616470329 ], [ 106.884622833118982, 12.073297565471458 ], [ 106.884386170819113, 12.073273181750229 ], [ 106.88414878275637, 12.073144855080384 ], [ 106.884039735739933, 12.072654106112491 ], [ 106.88403792713035, 12.07239538130929 ], [ 106.882565279372912, 12.072431333695977 ], [ 106.882251760966369, 12.07274416543739 ], [ 106.882042190487539, 12.072900373511237 ], [ 106.881779670596032, 12.072954121647424 ], [ 106.881553372537624, 12.072939701183598 ], [ 106.881200199637803, 12.072829236351785 ], [ 106.880672235885939, 12.072600053782073 ], [ 106.880202875405743, 12.073171097156655 ], [ 106.880204146825264, 12.073301469698121 ], [ 106.880152789949079, 12.073509710688406 ], [ 106.880049193674736, 12.07371717482695 ], [ 106.879839338418904, 12.073764672974757 ], [ 106.87924118350459, 12.073651236567144 ], [ 106.878939670252791, 12.073545937256576 ], [ 106.878358513396577, 12.073508055687943 ], [ 106.877921301358597, 12.072792419899306 ], [ 106.877275330806199, 12.072019439717497 ], [ 106.876729361585618, 12.071923693955341 ], [ 106.876203827558513, 12.072207440702785 ], [ 106.875783598156517, 12.072446412144862 ], [ 106.87569163381373, 12.072497216007314 ], [ 106.875586647172327, 12.072699907630605 ], [ 106.875455354730875, 12.07280473984855 ], [ 106.875035702910552, 12.072962358267421 ], [ 106.874746776444695, 12.073016278819622 ], [ 106.874624699391248, 12.073039061335196 ], [ 106.873592883520061, 12.072734135884557 ], [ 106.873482757948139, 12.072844013077233 ], [ 106.873378974783279, 12.07302548985054 ], [ 106.87324933889488, 12.073286231034889 ], [ 106.873013211018218, 12.073338664534992 ], [ 106.872855365492057, 12.073339727090357 ], [ 106.872723569912409, 12.073289770393979 ], [ 106.872679092013612, 12.073140433444797 ], [ 106.8719500374457, 12.073175487826658 ], [ 106.871854770454391, 12.073243642165249 ], [ 106.871645053268807, 12.073297025810225 ], [ 106.871487027190355, 12.073272101939136 ], [ 106.871390707369386, 12.073178081700577 ], [ 106.870643280268567, 12.073145824171142 ], [ 106.870381926228291, 12.073253545288523 ], [ 106.870066595415437, 12.073307638646851 ], [ 106.869882166041421, 12.073282890401568 ], [ 106.869846206247303, 12.073224640342437 ], [ 106.868890730638284, 12.072085067592603 ], [ 106.86869017339373, 12.07207403212699 ], [ 106.868673155437946, 12.072077117507455 ], [ 106.866803976911982, 12.071233641003577 ], [ 106.866606447446529, 12.071234966053343 ], [ 106.866423631082455, 12.071442957877004 ], [ 106.866319312111287, 12.071547605282435 ], [ 106.866214273384799, 12.071548309745561 ], [ 106.86605588857951, 12.071471410193363 ], [ 106.865949376434131, 12.071342189737098 ], [ 106.8659474564937, 12.071064842875854 ], [ 106.865496872825332, 12.070569003926254 ], [ 106.865312984777674, 12.070622210442512 ], [ 106.865076325019999, 12.07059780966928 ], [ 106.864864955074552, 12.07049527744889 ], [ 106.864737338584249, 12.070318095269498 ], [ 106.862390800244796, 12.070097990349556 ], [ 106.862127975752642, 12.070230004896297 ], [ 106.861945156047057, 12.070437994198866 ], [ 106.861789098177653, 12.07069777837278 ], [ 106.861578804852982, 12.07075115918706 ], [ 106.861315741658103, 12.070726930897331 ], [ 106.860946212400648, 12.07049664903141 ], [ 106.860865935336108, 12.070342392741903 ], [ 106.860814830308897, 12.070194848934241 ], [ 106.859440360939587, 12.068965568028457 ], [ 106.859229209436023, 12.068811055500467 ], [ 106.858466471300645, 12.068420801146065 ], [ 106.858367094219162, 12.068458120417663 ], [ 106.858074171919483, 12.069207443688514 ], [ 106.858127873586, 12.069337021317061 ], [ 106.858155164423039, 12.069465644483122 ], [ 106.858156239086085, 12.069621559595065 ], [ 106.858130722820491, 12.069750535321996 ], [ 106.858026042506069, 12.069803208299403 ], [ 106.857788809210462, 12.069778804048742 ], [ 106.857337934682718, 12.069238344909078 ], [ 106.857047045476875, 12.069007531370868 ], [ 106.856915351826558, 12.068899241756334 ], [ 106.856690902544472, 12.068593167021467 ], [ 106.856065208555421, 12.068011691744266 ], [ 106.855967710260614, 12.067022579375353 ], [ 106.855623224176583, 12.06634243698123 ], [ 106.854798117240279, 12.066302738929402 ], [ 106.853988748163985, 12.067216542063816 ], [ 106.853590266238228, 12.067615778113575 ], [ 106.85354045022433, 12.067645199134324 ], [ 106.853263265079818, 12.067808902453935 ], [ 106.852674387583633, 12.067230939658847 ], [ 106.852291453895432, 12.067136318769615 ], [ 106.852098244281166, 12.068088952153229 ], [ 106.852060742351284, 12.068479006861637 ], [ 106.851500766574219, 12.068682717662002 ], [ 106.850801631249581, 12.068850066946084 ], [ 106.850751717007412, 12.069355449820614 ], [ 106.851108451852696, 12.069897674798399 ], [ 106.850930789713445, 12.070356452531163 ], [ 106.85051148888752, 12.070399915590679 ], [ 106.849996967548762, 12.070787490741072 ], [ 106.849762354794507, 12.0710613487204 ], [ 106.849274866004762, 12.070954990633084 ], [ 106.848405728502598, 12.070523503342855 ], [ 106.847832811588233, 12.070934060354965 ], [ 106.847385949529766, 12.071562974095718 ], [ 106.846940779574666, 12.072020136498843 ], [ 106.846714478174334, 12.072753794081672 ], [ 106.846684763753743, 12.073695173423243 ], [ 106.845809656352159, 12.074069316365444 ], [ 106.844998672564884, 12.073580940269236 ], [ 106.844455097887774, 12.073164231000751 ], [ 106.843590945888323, 12.073629814799826 ], [ 106.842971771040951, 12.073993215198279 ], [ 106.842217469475472, 12.073734949520784 ], [ 106.841545967687253, 12.073329249026877 ], [ 106.840593181621685, 12.073172850658896 ], [ 106.839953178723349, 12.07326069313752 ], [ 106.839173792253419, 12.073279402873307 ], [ 106.83835219916422, 12.072664529481251 ], [ 106.839042556953004, 12.072048706437421 ], [ 106.838405915954908, 12.071619040030537 ], [ 106.837864470040401, 12.072523126365056 ], [ 106.837210351231676, 12.072898044313785 ], [ 106.836260134494978, 12.072444455813073 ], [ 106.83532184065001, 12.071886835564639 ], [ 106.834250627512816, 12.07204078117935 ], [ 106.833733589764918, 12.072737932407078 ], [ 106.833080142508038, 12.073043914923492 ], [ 106.832913743587454, 12.073560235578405 ], [ 106.832883407034231, 12.07450162329245 ], [ 106.832774014727008, 12.075213037785566 ], [ 106.832424037819735, 12.075863893434004 ], [ 106.832427613488761, 12.07591158994601 ], [ 106.832298236009976, 12.076301123029744 ], [ 106.832037100857789, 12.076561586981109 ], [ 106.831880663258147, 12.076770516370633 ], [ 106.831750797731104, 12.077004128220675 ], [ 106.831593821994105, 12.077133968087606 ], [ 106.831331280832686, 12.077187671553471 ], [ 106.830989173527897, 12.07718992376183 ], [ 106.830987151019457, 12.077189641497021 ], [ 106.829844639053746, 12.077989857466576 ], [ 106.829837777580607, 12.078051694802117 ], [ 106.829785022611787, 12.078184493621237 ], [ 106.82973320031202, 12.078561301340519 ], [ 106.829112965250033, 12.079573818711648 ], [ 106.828954943342964, 12.080144882847717 ], [ 106.828547191943059, 12.080396708243473 ], [ 106.82813188535286, 12.081420884069232 ], [ 106.827362572819126, 12.081789761483563 ], [ 106.827323437880963, 12.081821036381884 ], [ 106.825732344069522, 12.082252996832151 ], [ 106.825715550778114, 12.082358805112776 ], [ 106.825637033270681, 12.08246214063665 ], [ 106.82550593533378, 12.08251497634307 ], [ 106.82529527045385, 12.08251635942902 ], [ 106.825227314597385, 12.082467978034757 ], [ 106.824232172850813, 12.082743281966779 ], [ 106.824140151060021, 12.08283465932332 ], [ 106.823904710937256, 12.082992128842527 ], [ 106.823792833831519, 12.083017800798807 ], [ 106.823580305129923, 12.083066568925931 ], [ 106.823404915191247, 12.083021393738242 ], [ 106.823141134109463, 12.082893186127208 ], [ 106.823093561996018, 12.0828667621376 ], [ 106.821825160135717, 12.082918873744296 ], [ 106.821774167946273, 12.082954119724878 ], [ 106.821433976453221, 12.083241081414867 ], [ 106.821250594323445, 12.083372220362961 ], [ 106.820988043738623, 12.083425914305144 ], [ 106.820803949795035, 12.083451977676656 ], [ 106.820687575198704, 12.083362191145275 ], [ 106.820225342940844, 12.083456896419827 ], [ 106.820041425386705, 12.083508944774195 ], [ 106.819857570157581, 12.083485290687767 ], [ 106.819777652556724, 12.083381863655513 ], [ 106.819618742771794, 12.083226978518811 ], [ 106.819435055678511, 12.083228179765948 ], [ 106.819171587111569, 12.083231033733046 ], [ 106.818907807230019, 12.083102821844516 ], [ 106.818748730171862, 12.08292307864739 ], [ 106.818673549072585, 12.082840497950714 ], [ 106.816935017330465, 12.082715409642677 ], [ 106.816164120644444, 12.08314754217715 ], [ 106.815441875825741, 12.083303662522125 ], [ 106.814759795207692, 12.082690066174909 ], [ 106.814887090011581, 12.081220380584405 ], [ 106.814857291952734, 12.080461289496798 ], [ 106.814118536544768, 12.079698914720161 ], [ 106.811631636834605, 12.07941796053967 ], [ 106.810117467979012, 12.079695601526753 ], [ 106.808139731084538, 12.07967004718312 ], [ 106.807743830318032, 12.079783349363574 ], [ 106.806837337932521, 12.079685288693033 ], [ 106.805895332365381, 12.079598754597098 ], [ 106.804988228990467, 12.079580914701527 ], [ 106.804146706693686, 12.08018408715674 ], [ 106.802768089879834, 12.080990731965086 ], [ 106.801461600351431, 12.08151103901808 ], [ 106.80093472527885, 12.081955110861998 ], [ 106.799625703175209, 12.082785018800468 ], [ 106.799409866548743, 12.083645136951928 ], [ 106.799303285121042, 12.083931690832364 ], [ 106.799472998605054, 12.084588192281219 ], [ 106.799705075873732, 12.086244248689788 ], [ 106.79963091695808, 12.088461586411825 ], [ 106.799394246197224, 12.090585063563065 ], [ 106.798950818990548, 12.092351702685946 ], [ 106.798556938214588, 12.093715777670589 ], [ 106.79815054687225, 12.095183884715972 ], [ 106.797971024621987, 12.095895751352732 ], [ 106.797522852808342, 12.096696358581344 ], [ 106.796133863874502, 12.098974176827458 ], [ 106.795085633910205, 12.100701788159567 ], [ 106.794611699797699, 12.101859607736962 ], [ 106.794047095879208, 12.104314005402557 ], [ 106.794005078125863, 12.105244183385988 ], [ 106.793919194788302, 12.105381603577809 ], [ 106.793920492349358, 12.105317553919731 ], [ 106.792388385210529, 12.105195435901054 ], [ 106.791567798728551, 12.106113699152608 ], [ 106.786576408574305, 12.106959410989651 ], [ 106.78763557564109, 12.118423427878314 ], [ 106.790572309870953, 12.124885623694524 ], [ 106.789943063624975, 12.125576672070306 ], [ 106.78303840898252, 12.137155310099605 ], [ 106.781835508748372, 12.142767409933844 ], [ 106.784254396056085, 12.144456161563406 ], [ 106.784242111411956, 12.144503094023353 ], [ 106.784366311812434, 12.145650281188617 ], [ 106.784958012749627, 12.146985406698196 ], [ 106.78550538348594, 12.147440618026229 ], [ 106.787026047488069, 12.148158461109574 ], [ 106.788118952759248, 12.148877930291755 ], [ 106.790742264331612, 12.151768209040098 ], [ 106.791257519384416, 12.153256346560768 ], [ 106.791624059590362, 12.153457355525147 ], [ 106.792427464058377, 12.153899591523523 ], [ 106.79297486120754, 12.154354784076212 ], [ 106.793327611056483, 12.154811237857992 ], [ 106.793682393805213, 12.155656364313364 ], [ 106.793919895838286, 12.15622316424812 ], [ 106.794208303323387, 12.156468037055552 ], [ 106.795815230374501, 12.156459439947126 ], [ 106.795957087364499, 12.156426609097897 ], [ 106.79767050558614, 12.157649835269652 ], [ 106.798043116049527, 12.159180676036998 ], [ 106.79825610114348, 12.160284325954926 ], [ 106.799220835536005, 12.16362252624443 ], [ 106.799276320999454, 12.16426608158546 ], [ 106.799123671194678, 12.164860271642036 ], [ 106.798752645659633, 12.165642429958167 ], [ 106.79775048408446, 12.16741610262606 ], [ 106.797060764731469, 12.169456654699173 ], [ 106.796875930601985, 12.170834066137035 ], [ 106.796445099332914, 12.172520407309548 ], [ 106.795890491338099, 12.173562385200038 ], [ 106.795324581994223, 12.174546811971629 ], [ 106.795502625682516, 12.175661988121812 ], [ 106.795789506878492, 12.177847593553933 ], [ 106.796176488229094, 12.179033722367929 ], [ 106.79689212320217, 12.179818858539731 ], [ 106.797205271936221, 12.180819532098189 ], [ 106.798174740112501, 12.183952315071389 ], [ 106.799199840317442, 12.186363817485731 ], [ 106.800211256925138, 12.188140105163209 ], [ 106.800558840220091, 12.188956002897637 ], [ 106.800665002753391, 12.189897883496648 ], [ 106.801072004579339, 12.190794936069638 ], [ 106.801323236496231, 12.191232491600083 ], [ 106.799023524703614, 12.193930854601351 ], [ 106.798536953962184, 12.195271817771051 ], [ 106.795314544923329, 12.199870008144394 ], [ 106.794018880157381, 12.20199812187221 ], [ 106.79187949178484, 12.203350963941869 ], [ 106.788987597278592, 12.205710896430389 ], [ 106.788782143645008, 12.206440161483773 ], [ 106.78862914715863, 12.206983224192145 ], [ 106.78756879760769, 12.208857931616107 ], [ 106.787120494716476, 12.209650528681602 ], [ 106.786477605680005, 12.211587950714009 ], [ 106.78582166200006, 12.213720927403443 ], [ 106.784234438631373, 12.215985360756516 ], [ 106.781958792733136, 12.218371755919732 ], [ 106.780302388555342, 12.220520241776832 ], [ 106.778106741834208, 12.223113997251598 ], [ 106.776261582966569, 12.225560850307705 ], [ 106.775472346494794, 12.226842732877873 ], [ 106.773712646284324, 12.228761359266466 ], [ 106.770776239727425, 12.230798288827597 ], [ 106.769805413183292, 12.231468922257411 ], [ 106.768208273380651, 12.233400034204109 ], [ 106.7668802746566, 12.236483969220117 ], [ 106.766969762801693, 12.236521249388563 ], [ 106.766837283219758, 12.236654679750963 ], [ 106.766783388290605, 12.23670896107687 ], [ 106.76672795799233, 12.236837680908536 ], [ 106.765335239040596, 12.239458970576633 ], [ 106.764740598000557, 12.24116781682147 ], [ 106.764311841345531, 12.244071036275399 ], [ 106.764156503278173, 12.246196255387268 ], [ 106.764159381719836, 12.247321621515754 ], [ 106.762647037213895, 12.248805859874222 ], [ 106.761975362141328, 12.249903919268997 ], [ 106.760778571383256, 12.249689006307676 ], [ 106.759531795336869, 12.249819028678157 ], [ 106.758518162623389, 12.249938513500981 ], [ 106.757944803350313, 12.250359121570568 ], [ 106.757323338433679, 12.250975510328272 ], [ 106.756760927263755, 12.25148869854922 ], [ 106.756558715035126, 12.252007490905871 ], [ 106.755868683001154, 12.252940690939768 ], [ 106.755255031507289, 12.253437256035863 ], [ 106.754116258954539, 12.254007230585765 ], [ 106.75309675648208, 12.254371925639521 ], [ 106.751997706976283, 12.25460831539494 ], [ 106.750988917899861, 12.255030560731141 ], [ 106.750360605241255, 12.255745283717992 ], [ 106.749750577291664, 12.256794342555628 ], [ 106.749200182010938, 12.257740197623484 ], [ 106.748725668028854, 12.259043752024906 ], [ 106.748348020621719, 12.260141044038013 ], [ 106.747937220859185, 12.261089398584684 ], [ 106.74766421119908, 12.262200712264443 ], [ 106.74723995404517, 12.26328700154184 ], [ 106.746656529641115, 12.264105384330096 ], [ 106.746216796198368, 12.264674271215993 ], [ 106.743517172892311, 12.266382929904447 ], [ 106.740095157527733, 12.268840766962917 ], [ 106.737558045666248, 12.270377727188668 ], [ 106.736254430338803, 12.271145292503146 ], [ 106.73494415989795, 12.271511773419499 ], [ 106.733004770485067, 12.271780533664741 ], [ 106.73204762576718, 12.271887489748543 ], [ 106.731684200142425, 12.271984507245635 ], [ 106.731700049709048, 12.271926329664232 ], [ 106.73092554086027, 12.272012876407352 ], [ 106.729172580801659, 12.272329019707483 ], [ 106.72713735076583, 12.272791561950577 ], [ 106.725463857113311, 12.273315088306129 ], [ 106.723542281241762, 12.274031121922322 ], [ 106.72140530395717, 12.275284082789151 ], [ 106.71918291323388, 12.276834735675871 ], [ 106.717191854444053, 12.278537593711185 ], [ 106.715140979822991, 12.280411434504494 ], [ 106.713196197786118, 12.282171606686552 ], [ 106.710948656112166, 12.283847785061646 ], [ 106.708831629613016, 12.285366072907268 ], [ 106.706368345539445, 12.286558825973049 ], [ 106.703802507875935, 12.287531859232754 ], [ 106.700912780804686, 12.288261687914279 ], [ 106.69705348823264, 12.289119533687488 ], [ 106.693256946960915, 12.289553212932514 ], [ 106.689610929481702, 12.290079696532699 ], [ 106.686237058990244, 12.29031067163133 ], [ 106.683180604281588, 12.290315924565562 ], [ 106.680566205722741, 12.290450633438308 ], [ 106.677719182841386, 12.291502002047702 ], [ 106.673744226933209, 12.293265332924562 ], [ 106.670307933315144, 12.29481515293649 ], [ 106.666929057049444, 12.296457242327754 ], [ 106.66402530255975, 12.297370972795113 ], [ 106.660005802591954, 12.29792760200252 ], [ 106.659263695569905, 12.2979506161714 ], [ 106.658468206881423, 12.298002940658023 ], [ 106.657024545958961, 12.29803501239587 ], [ 106.654571023230261, 12.298191844731804 ], [ 106.652481544661157, 12.298843376298443 ], [ 106.65107772744544, 12.299117738413281 ], [ 106.649582540826145, 12.300198784506346 ], [ 106.644112647288395, 12.304232741715881 ], [ 106.640588900542625, 12.305265226696472 ], [ 106.638441152003111, 12.305358333310691 ], [ 106.63466188312907, 12.305309767735778 ], [ 106.631944706458015, 12.305214132075127 ], [ 106.629120487474864, 12.305277304380729 ], [ 106.626953994133061, 12.305968188439932 ], [ 106.624519022327263, 12.307665200693288 ], [ 106.621436937279242, 12.309814634573778 ], [ 106.619533429572073, 12.310955897645183 ], [ 106.617471345048301, 12.311726324756249 ], [ 106.614846300252296, 12.312710240932379 ], [ 106.612064672006639, 12.313084869068895 ], [ 106.60922213793522, 12.313744584194549 ], [ 106.607587912376744, 12.31477231843745 ], [ 106.605461348557924, 12.317047050470071 ], [ 106.60435897496761, 12.318230970659608 ], [ 106.602814149422287, 12.319889818414921 ], [ 106.599746786308458, 12.324713633300508 ], [ 106.597051620947823, 12.329622257325251 ], [ 106.595026970179973, 12.334054609746662 ], [ 106.59277090802496, 12.338335758088744 ], [ 106.590641981732674, 12.343697552025077 ], [ 106.588269089941107, 12.349974921657058 ], [ 106.586121677893871, 12.357827304174403 ], [ 106.584459625693071, 12.363169406187229 ], [ 106.581945105538352, 12.370501855999425 ], [ 106.579456070915057, 12.375687162638222 ], [ 106.576649358060934, 12.382063051088833 ], [ 106.573858381382863, 12.389070498749991 ], [ 106.57143336650104, 12.39511542329705 ], [ 106.571448623887562, 12.395119594637825 ], [ 106.570567738687004, 12.397357123011739 ], [ 106.570008506754121, 12.398870826859618 ], [ 106.569484782287816, 12.400288404701305 ], [ 106.569325052390269, 12.400721055622652 ], [ 106.568523204122783, 12.402892954921827 ], [ 106.567900283718387, 12.405227735443107 ], [ 106.565799892314416, 12.407146167390351 ], [ 106.564449177457931, 12.40812575676941 ], [ 106.562932633162589, 12.408770686401992 ], [ 106.56085914685886, 12.40942672454951 ], [ 106.559072699423936, 12.409442647264996 ], [ 106.556551587153322, 12.409451475945557 ], [ 106.554644037585405, 12.410855706371221 ], [ 106.5537228042962, 12.411763857250296 ], [ 106.552093334844642, 12.411403675363415 ], [ 106.551019120169002, 12.411426770583498 ], [ 106.549396375448282, 12.412397679339962 ], [ 106.548520573973533, 12.413410645690975 ], [ 106.547602064185469, 12.415076995608695 ], [ 106.546829385942502, 12.416228359969287 ], [ 106.545546509827361, 12.417132900657773 ], [ 106.543358735037941, 12.417535216238234 ], [ 106.540195963308221, 12.417537382770643 ], [ 106.537271274785752, 12.418046667157368 ], [ 106.53530046053146, 12.418887263486633 ], [ 106.532805272159521, 12.420595271094363 ], [ 106.530756480994654, 12.422066825849246 ], [ 106.528448946003778, 12.423729669250104 ], [ 106.527168079987774, 12.424405858756742 ], [ 106.526086624624369, 12.425071880221958 ], [ 106.525125346184367, 12.426336129667053 ], [ 106.524138575467347, 12.427863812728921 ], [ 106.523987720479781, 12.428711043504892 ], [ 106.524573193896003, 12.429543959288333 ], [ 106.524003409833895, 12.430318966045411 ], [ 106.523589270915366, 12.430773302318229 ], [ 106.523022673240362, 12.432294099511367 ], [ 106.5230579809175, 12.433223903563343 ], [ 106.522606459301372, 12.433873942379593 ], [ 106.521629963486788, 12.434506590105469 ], [ 106.520665337843838, 12.435105268293148 ], [ 106.520012977910795, 12.435029830003804 ], [ 106.519326912391136, 12.43479298756959 ], [ 106.519163174710215, 12.435800750538634 ], [ 106.519215860427309, 12.436260372146362 ], [ 106.518410772155875, 12.436218558267305 ], [ 106.516931662678004, 12.436926331269492 ], [ 106.516048719882875, 12.437536967466007 ], [ 106.51531551316738, 12.437892944374058 ], [ 106.515315569000393, 12.437893055256026 ], [ 106.515215170949233, 12.437941660729781 ], [ 106.514870866217208, 12.437455419575748 ], [ 106.514619334156947, 12.437005949508702 ], [ 106.513779671484471, 12.436950755184609 ], [ 106.513135533213315, 12.437104649291085 ], [ 106.512545814898473, 12.436628815923203 ], [ 106.512171006336047, 12.437725899369759 ], [ 106.511475144816103, 12.438281236155905 ], [ 106.510576533404901, 12.438272691790525 ], [ 106.509486105526577, 12.438696882912568 ], [ 106.508458639940315, 12.438675490072123 ], [ 106.508006069434487, 12.439450946643538 ], [ 106.507687483659353, 12.43973409765352 ], [ 106.506665355150275, 12.440240389248432 ], [ 106.506103861896136, 12.440372337094525 ], [ 106.505818398137379, 12.439819084529535 ], [ 106.50598721378914, 12.439384215884967 ], [ 106.506169854990745, 12.438754906759122 ], [ 106.505350993954067, 12.438918796017918 ], [ 106.504512392211396, 12.438749434293991 ], [ 106.503222474495203, 12.438276341389862 ], [ 106.502155486982531, 12.437679960897279 ], [ 106.500440273969915, 12.437628452798323 ], [ 106.498463909009487, 12.437952417688029 ], [ 106.497526554097135, 12.438206210572238 ], [ 106.49712480675538, 12.438626542867162 ], [ 106.496780753890476, 12.439082716680758 ], [ 106.496331792065092, 12.439490878836772 ], [ 106.495920499985942, 12.439750798385575 ], [ 106.420037048307535, 12.487606890649165 ], [ 106.396088436333613, 12.502702474725112 ], [ 106.395016512505251, 12.503130673474418 ], [ 106.393513471171687, 12.503701227305823 ], [ 106.391543812678719, 12.504228982023795 ], [ 106.389178689127846, 12.505115864913364 ], [ 106.386697320412608, 12.505990896428884 ], [ 106.383761436315339, 12.507155281024335 ], [ 106.381255803219275, 12.507800984982783 ], [ 106.379333793932034, 12.508650482120215 ], [ 106.377693535937482, 12.509820597644723 ], [ 106.375704648315121, 12.511186858518926 ], [ 106.37412195566408, 12.512265123224701 ], [ 106.373927865289346, 12.512428845492206 ], [ 106.373647715892332, 12.512555225938801 ], [ 106.373581553321387, 12.512585527173712 ], [ 106.373133586483945, 12.512791045085322 ], [ 106.371770152957907, 12.513415106778131 ], [ 106.369746096895142, 12.51488547538993 ], [ 106.367305532395264, 12.517208897389787 ], [ 106.365677936193691, 12.518620721352431 ], [ 106.36342680536724, 12.521438127756143 ], [ 106.361837218451726, 12.523526658858199 ], [ 106.360470083087591, 12.525706724511714 ], [ 106.359345942657271, 12.527506979032351 ], [ 106.358934378445937, 12.529417768274548 ], [ 106.358865644908008, 12.532326946055207 ], [ 106.359287704701401, 12.535382812399456 ], [ 106.359601069309377, 12.537669641576512 ], [ 106.360527695903841, 12.541298159431333 ], [ 106.361053640638616, 12.543974915465892 ], [ 106.361625974083879, 12.546720367114517 ], [ 106.362106989702482, 12.549926221971823 ], [ 106.362880807121854, 12.553244725601514 ], [ 106.363828024466088, 12.556172465846965 ], [ 106.36500987976622, 12.559523915061868 ], [ 106.366236963583106, 12.562392582501333 ], [ 106.367394600468202, 12.565502300387783 ], [ 106.368670643540113, 12.568806909445964 ], [ 106.37037944792074, 12.572466398329851 ], [ 106.372234549033962, 12.577343340556885 ], [ 106.373990676829365, 12.58111781830759 ], [ 106.375312760557321, 12.584284271182321 ], [ 106.376680898921151, 12.587450476706159 ], [ 106.377825730225439, 12.590159012776057 ], [ 106.378970643356197, 12.592877710415724 ], [ 106.380541408245719, 12.596802246547703 ], [ 106.381826544163644, 12.599589135429273 ], [ 106.382724514682451, 12.60194181197239 ], [ 106.383692687930079, 12.604294120962724 ], [ 106.384742608361691, 12.606760136246415 ], [ 106.385815418101672, 12.608985323648104 ], [ 106.386901056391793, 12.611452270501097 ], [ 106.387974076117814, 12.61381531133299 ], [ 106.389342268574026, 12.616820945264102 ], [ 106.390628613098983, 12.619791962583953 ], [ 106.391867460731916, 12.622591448346675 ], [ 106.393342261344245, 12.625928732685326 ], [ 106.394381253749899, 12.628464809565109 ], [ 106.395656158526378, 12.631424547768825 ], [ 106.396754756493465, 12.634120766354403 ], [ 106.397619101651387, 12.636691638348582 ], [ 106.398401206707064, 12.639160101832163 ], [ 106.399312744878557, 12.64193751719476 ], [ 106.400087562657546, 12.645279542145859 ], [ 106.40054254007552, 12.64768077798119 ], [ 106.40109317985123, 12.650529010472823 ], [ 106.401381382806576, 12.652309590051185 ], [ 106.401640193784957, 12.655240716885315 ], [ 106.401779906527409, 12.657539639723193 ], [ 106.401654723574566, 12.6607485195625 ], [ 106.401571018100427, 12.662806786755919 ], [ 106.401596738517242, 12.66583067195058 ], [ 106.401641667886821, 12.667945893953471 ], [ 106.401883112692445, 12.669692812155219 ], [ 106.402088283349997, 12.671013891863151 ], [ 106.40257700043901, 12.673149374270832 ], [ 106.403172094161008, 12.675583756215575 ], [ 106.404031914728776, 12.677178240079808 ], [ 106.405573504572317, 12.679583881892716 ], [ 106.407643087299107, 12.682665876545013 ], [ 106.408549199234798, 12.6840871969208 ], [ 106.409594776584129, 12.68543884156613 ], [ 106.410712081218392, 12.687168664731725 ], [ 106.412359998629071, 12.689839250148713 ], [ 106.413760762114251, 12.692245575790755 ], [ 106.415090528632064, 12.69440027045032 ], [ 106.416985161925339, 12.69733393139188 ], [ 106.419152410740665, 12.701266204108428 ], [ 106.420276432274989, 12.704284182853385 ], [ 106.421479899443554, 12.706887003613327 ], [ 106.423011889363565, 12.709777343820743 ], [ 106.424671735640402, 12.712470357831608 ], [ 106.426049866946371, 12.714900443165137 ], [ 106.427603748664382, 12.71736347307691 ], [ 106.429965080543937, 12.720328392462495 ], [ 106.431984696110362, 12.722490546937356 ], [ 106.434624666387919, 12.725040314991368 ], [ 106.436900534692342, 12.727109503026655 ], [ 106.43902338301109, 12.728880040474303 ], [ 106.440877289480483, 12.730618120097065 ], [ 106.443257611022204, 12.732616611666129 ], [ 106.446433270993452, 12.734692096625977 ], [ 106.449503780842647, 12.736790714409358 ], [ 106.453520644840992, 12.738999359012503 ], [ 106.456566663588916, 12.740822291872629 ], [ 106.4595551980034, 12.742852295456331 ], [ 106.462638408304812, 12.745123561415159 ], [ 106.464959156982516, 12.746719867183701 ], [ 106.466752179676021, 12.747928091014268 ], [ 106.468496019154628, 12.74868908720374 ], [ 106.470626497056244, 12.749619684241125 ], [ 106.473179099963289, 12.750882394532155 ], [ 106.474411944941892, 12.752059778232715 ], [ 106.475408769254813, 12.752336722319868 ], [ 106.476041164754207, 12.752899328786953 ], [ 106.477002233465981, 12.75375955154454 ], [ 106.478196653914324, 12.754757457555005 ], [ 106.479391455652134, 12.755720323511211 ], [ 106.480260783942924, 12.756398276367648 ], [ 106.481151214472064, 12.757238935853747 ], [ 106.48114938001244, 12.757266353124269 ], [ 106.48135490382893, 12.757438144457273 ], [ 106.481835728818439, 12.758162049776088 ], [ 106.482551226332305, 12.759447386538369 ], [ 106.483512679246161, 12.761055655094529 ], [ 106.484650173699066, 12.762743159593782 ], [ 106.485565088374656, 12.764361848410374 ], [ 106.486491896276206, 12.766142058647279 ], [ 106.487254322124855, 12.767175119908236 ], [ 106.488179802299882, 12.768035497371182 ], [ 106.489714472621316, 12.769216748292052 ], [ 106.491225555168811, 12.770398122820312 ], [ 106.493427546171759, 12.77199142441396 ], [ 106.495645373246887, 12.773434322668708 ], [ 106.496145650436219, 12.773636019249006 ], [ 106.496658459261326, 12.773815044466398 ], [ 106.497353624657364, 12.774363676988864 ], [ 106.497806156197129, 12.774668471675067 ], [ 106.498595537490587, 12.775183795467584 ], [ 106.499095781906021, 12.77625785271988 ], [ 106.499064937467452, 12.77678687142841 ], [ 106.500114984237754, 12.77708713745332 ], [ 106.501060797222422, 12.777282901348038 ], [ 106.501664274572889, 12.777704351212005 ], [ 106.502175841760135, 12.777963600952587 ], [ 106.503304926673152, 12.777610260270924 ], [ 106.503566308243521, 12.7781997638549 ], [ 106.503231728611183, 12.778666102304202 ], [ 106.502968987448398, 12.779891394890701 ], [ 106.503842580977675, 12.780235589472253 ], [ 106.505133822518687, 12.780045166514755 ], [ 106.505722125370056, 12.779846319931464 ], [ 106.506025570198517, 12.779080705332728 ], [ 106.506363625563552, 12.778327323001225 ], [ 106.506927639672568, 12.778207713136631 ], [ 106.50802463931953, 12.778463607750377 ], [ 106.510040580116808, 12.778362810467778 ], [ 106.510944694129932, 12.778224294774839 ], [ 106.511992262927919, 12.778686115707064 ], [ 106.512238770669597, 12.779481354722282 ], [ 106.512308145790954, 12.780401907892836 ], [ 106.512902479800204, 12.782281082322609 ], [ 106.513824483194711, 12.782534563804157 ], [ 106.514520929983902, 12.782129417143755 ], [ 106.514891787741632, 12.781571327898559 ], [ 106.515453793769652, 12.780728510486165 ], [ 106.516368555699273, 12.780637375327691 ], [ 106.516921244115679, 12.781321238236467 ], [ 106.516572752487889, 12.781960561168017 ], [ 106.516034790614938, 12.782780641718235 ], [ 106.516097311013098, 12.783321551883958 ], [ 106.516837994787551, 12.783962523686467 ], [ 106.517985022683476, 12.784011295691901 ], [ 106.519122252260985, 12.783095101255793 ], [ 106.520263788578575, 12.78270771650975 ], [ 106.521512867375421, 12.782976234824929 ], [ 106.521351999632344, 12.783606570686455 ], [ 106.521460631461935, 12.784251172907821 ], [ 106.522103538206593, 12.784327693273317 ], [ 106.523040142342083, 12.78519012400877 ], [ 106.52367871861378, 12.785600014700808 ], [ 106.524298230482628, 12.785710565176926 ], [ 106.525163878122655, 12.785779011014823 ], [ 106.525960534469803, 12.785766492688508 ], [ 106.526401028727392, 12.786071302778424 ], [ 106.527005295033618, 12.786422622585203 ], [ 106.5274699690695, 12.786727290602578 ], [ 106.528076455013945, 12.786872936943668 ], [ 106.528709471278304, 12.7868353683045 ], [ 106.529859868293087, 12.786677278879656 ], [ 106.530773396880036, 12.786666328569812 ], [ 106.531138156102116, 12.787394186356618 ], [ 106.53171363430674, 12.788125338461249 ], [ 106.532522984124881, 12.788021197453233 ], [ 106.533249400841612, 12.788006805513227 ], [ 106.533792738830584, 12.787704198199146 ], [ 106.534373464348619, 12.787205885004539 ], [ 106.535164827681541, 12.786698433791306 ], [ 106.535792758318863, 12.786200973163266 ], [ 106.536536617609627, 12.78574012461609 ], [ 106.537476080654073, 12.785544812222794 ], [ 106.538178962055966, 12.785542974553721 ], [ 106.538673137507473, 12.786249725187814 ], [ 106.539543504064909, 12.786811899238675 ], [ 106.540269482881001, 12.786821220638522 ], [ 106.541079390788354, 12.786715920910076 ], [ 106.542092285389231, 12.787142785326751 ], [ 106.542971469772326, 12.787922983442376 ], [ 106.544209633393791, 12.789041201325485 ], [ 106.545449347154346, 12.790033975672699 ], [ 106.545876009325553, 12.790520757397269 ], [ 106.548993158502498, 12.792950006547274 ], [ 106.550930126037613, 12.794329625564693 ], [ 106.553178895702516, 12.796046385373037 ], [ 106.554872032220416, 12.797273729986012 ], [ 106.555775399526766, 12.798042434208332 ], [ 106.557745162684654, 12.799594687235347 ], [ 106.559178956424873, 12.80095686951827 ], [ 106.560496685243351, 12.802259840167443 ], [ 106.562334057830654, 12.80408628997087 ], [ 106.564360605579495, 12.805777134084057 ], [ 106.566162908061216, 12.807602629231713 ], [ 106.568891719876433, 12.810197750513277 ], [ 106.571995488321278, 12.812809808072821 ], [ 106.574047001102841, 12.814420183960356 ], [ 106.575978335896068, 12.816235784656955 ], [ 106.577157979851449, 12.817341735980087 ], [ 106.578661786243387, 12.818727097400403 ], [ 106.580593335575003, 12.820566384322198 ], [ 106.583513169783117, 12.822911579782748 ], [ 106.585305293172581, 12.824633017584153 ], [ 106.586530574406211, 12.825842598639754 ], [ 106.587782497947259, 12.826800029552402 ], [ 106.58837031814025, 12.82753095438528 ], [ 106.589877482599164, 12.828698134627114 ], [ 106.59112627533051, 12.829886076959504 ], [ 106.592999621003116, 12.831689445387855 ], [ 106.594118809578092, 12.832954993470359 ], [ 106.595223980478892, 12.834369773853496 ], [ 106.59643777009795, 12.835568067531254 ], [ 106.597975484644479, 12.837092070337073 ], [ 106.59920889172102, 12.838565937527987 ], [ 106.600635740930599, 12.840489469843266 ], [ 106.601937424340349, 12.842101887410422 ], [ 106.602651799083191, 12.842983412547337 ], [ 106.603730881372826, 12.84462768611688 ], [ 106.605117533890862, 12.84691979402815 ], [ 106.606024089142167, 12.848319909725499 ], [ 106.606926086955909, 12.85008841149752 ], [ 106.607713772703875, 12.851625969291584 ], [ 106.60818517596212, 12.853136083197114 ], [ 106.608877515917001, 12.854798513842256 ], [ 106.609475291751821, 12.856529318404801 ], [ 106.609851929304767, 12.858164301252542 ], [ 106.610205323992773, 12.859765528002551 ], [ 106.61062926053043, 12.861321122542794 ], [ 106.610879631935944, 12.862747837113302 ], [ 106.611083008184309, 12.864208739012101 ], [ 106.611163028459345, 12.865198080068263 ], [ 106.611492362010367, 12.867716965985439 ], [ 106.61165904997992, 12.869292215210349 ], [ 106.611709400851211, 12.870774394791448 ], [ 106.611935475036447, 12.872270181739532 ], [ 106.612079201254602, 12.87376534471079 ], [ 106.612270580824926, 12.875237616038646 ], [ 106.612552626247961, 12.876929667926257 ], [ 106.61277978519567, 12.878322620724919 ], [ 106.613064468356626, 12.879795445572979 ], [ 106.613228475670539, 12.88157748666281 ], [ 106.613346255977547, 12.883244557750892 ], [ 106.613536945519556, 12.884785756323224 ], [ 106.613624308973868, 12.88610838134213 ], [ 106.613622787263552, 12.887129859232779 ], [ 106.613664994312259, 12.888325079598715 ], [ 106.613687801762822, 12.889278610754621 ], [ 106.613670123770419, 12.890564594599363 ], [ 106.613637152882262, 12.892160276919249 ], [ 106.613595227689345, 12.893526635994457 ], [ 106.613523713487922, 12.895398262623644 ], [ 106.613489179891417, 12.897109208310084 ], [ 106.613556832398146, 12.899038732256557 ], [ 106.61359841060866, 12.900314181204775 ], [ 106.613572501904486, 12.901393435604286 ], [ 106.613567281499286, 12.902645443384312 ], [ 106.61345638012223, 12.903942170937338 ], [ 106.612863737830921, 12.906185372275958 ], [ 106.612355380131618, 12.90828116074784 ], [ 106.611685915355579, 12.910312404890679 ], [ 106.611741002043004, 12.910315649352908 ], [ 106.611428412196972, 12.911163909970794 ], [ 106.610728679099992, 12.912697024158774 ], [ 106.610354668992699, 12.91347107382 ], [ 106.609671916702524, 12.914599563996862 ], [ 106.609145139821166, 12.915442350283808 ], [ 106.608629812166839, 12.916274894957821 ], [ 106.608041647495668, 12.917336134997592 ], [ 106.607385764624155, 12.918166153380197 ], [ 106.606845960179896, 12.919135568582623 ], [ 106.606236015770634, 12.920035358825153 ], [ 106.605669015670443, 12.921256915446865 ], [ 106.605026001350311, 12.922030354228779 ], [ 106.604190487644345, 12.923145084335889 ], [ 106.602879600762137, 12.924771203195709 ], [ 106.60116752823015, 12.926622374872748 ], [ 106.599739671689377, 12.928246938458477 ], [ 106.595671188350082, 12.93190685350792 ], [ 106.592162227205819, 12.934895508905248 ], [ 106.585919797715519, 12.939848779541444 ], [ 106.575836665433542, 12.947165287203307 ], [ 106.569049628419506, 12.951628850159386 ], [ 106.560617325996333, 12.957232076677711 ], [ 106.554859269748121, 12.960972765640275 ], [ 106.550000556517105, 12.964013066536475 ], [ 106.545167077772689, 12.966961613038224 ], [ 106.541256006931576, 12.969289920532431 ], [ 106.536199711265965, 12.972201221670856 ], [ 106.532632758542945, 12.974212123321939 ], [ 106.527385724078201, 12.977339090066017 ], [ 106.524201649934994, 12.978769097433711 ], [ 106.519103390392885, 12.981289380156934 ], [ 106.510868816046937, 12.98518152562348 ], [ 106.503856466801523, 12.988580529685148 ], [ 106.503262816507444, 12.988868269244543 ], [ 106.500661834605452, 12.99012893204906 ], [ 106.497419383500045, 12.991488920343071 ], [ 106.496116455847869, 12.992022995440236 ], [ 106.495921886217332, 12.992147283901462 ], [ 106.48067382463357, 13.001244011002868 ], [ 106.479662603578191, 13.002307444873143 ], [ 106.478794024098733, 13.002843487367967 ], [ 106.477208635815302, 13.004054821081587 ], [ 106.467790576755306, 13.010458797445905 ], [ 106.465466036533655, 13.011805327066451 ], [ 106.463776132490565, 13.012705300994559 ], [ 106.462861019266455, 13.01308110044266 ], [ 106.461843493728097, 13.013265174174183 ], [ 106.460805455221404, 13.012780987152698 ], [ 106.460124168446612, 13.012259785044572 ], [ 106.459123060270855, 13.011985397633492 ], [ 106.45801773262653, 13.012201626318483 ], [ 106.457592455067712, 13.012729052617686 ], [ 106.457633877103518, 13.01370888902362 ], [ 106.456845988247423, 13.013626408019366 ], [ 106.456636649111999, 13.014099517300648 ], [ 106.455943406109114, 13.013958566226226 ], [ 106.455425854647459, 13.01459634794273 ], [ 106.45495874669588, 13.014073930915279 ], [ 106.454234466050508, 13.014029096044291 ], [ 106.453280436487518, 13.013978330473563 ], [ 106.452317874404656, 13.014193736395363 ], [ 106.451178868082252, 13.014760150775253 ], [ 106.450357455604248, 13.014694739950407 ], [ 106.449551264363294, 13.014378961139183 ], [ 106.449460990827987, 13.013999698618447 ], [ 106.448603885204577, 13.013934480455083 ], [ 106.447638474321479, 13.013659848793841 ], [ 106.447735136107369, 13.012999810871742 ], [ 106.446846873265869, 13.012579183406265 ], [ 106.445985512776375, 13.011778925331475 ], [ 106.445233879093209, 13.01143308644531 ], [ 106.444160987893028, 13.011089033357072 ], [ 106.443391795297543, 13.011195561445605 ], [ 106.442917484169243, 13.010214056341669 ], [ 106.442229184239878, 13.010364721337016 ], [ 106.441626812000308, 13.011138127659937 ], [ 106.440841309058357, 13.011107488164864 ], [ 106.440380702551195, 13.011705091693585 ], [ 106.439816643068212, 13.01293331752832 ], [ 106.439820481664285, 13.013598347469539 ], [ 106.43939508222789, 13.013514378444262 ], [ 106.439430856909581, 13.014125550105835 ], [ 106.438648372331883, 13.014619928834691 ], [ 106.437866485397493, 13.014267786131724 ], [ 106.437429058416285, 13.013646611030151 ], [ 106.436680048730153, 13.013755768371851 ], [ 106.436105334232806, 13.014034541711661 ], [ 106.436108775656109, 13.0146322529288 ], [ 106.435961114937726, 13.015454949907868 ], [ 106.435888145117971, 13.016015726634713 ], [ 106.434779088949099, 13.015772157750527 ], [ 106.433983441299901, 13.01606362093036 ], [ 106.433529481907101, 13.01662650346724 ], [ 106.433835343519476, 13.016811603919544 ], [ 106.433229632401321, 13.017487399251639 ], [ 106.433118342627708, 13.018011028235856 ], [ 106.432700973579458, 13.018312199638245 ], [ 106.431444969785886, 13.017493827113821 ], [ 106.431254936280254, 13.018619049534282 ], [ 106.430731047816437, 13.018332448306605 ], [ 106.430754507074397, 13.017725213779469 ], [ 106.430298180040012, 13.017877163595211 ], [ 106.430074516076516, 13.018737636708467 ], [ 106.429772295956099, 13.019187601741425 ], [ 106.429241908696369, 13.019713541056831 ], [ 106.428743624323829, 13.019193271100548 ], [ 106.428098081896863, 13.019570409735376 ], [ 106.427643674726824, 13.020058569263369 ], [ 106.426733571388695, 13.020810743467628 ], [ 106.425646792468072, 13.020478478405114 ], [ 106.425400739531142, 13.020930148220414 ], [ 106.425174919918746, 13.021417047407402 ], [ 106.424374833569587, 13.021421443817744 ], [ 106.423187994631732, 13.020419285695329 ], [ 106.422312139053574, 13.020498808375297 ], [ 106.421701272008605, 13.020278007820405 ], [ 106.421095517524165, 13.020953778904454 ], [ 106.420564893802208, 13.021442345266681 ], [ 106.419909969156947, 13.020175747790665 ], [ 106.419301444760421, 13.020365871241506 ], [ 106.418436943347643, 13.021483039247533 ], [ 106.417887233526443, 13.021182071011285 ], [ 106.416916099522126, 13.02084611290635 ], [ 106.416982696261329, 13.021312512644307 ], [ 106.417404551294851, 13.021795866329485 ], [ 106.416645320746198, 13.02228567516471 ], [ 106.416419269979301, 13.022735211088877 ], [ 106.416159364552058, 13.023932100908951 ], [ 106.415628299965661, 13.024345943738904 ], [ 106.415097233572098, 13.024759785648833 ], [ 106.414920034059875, 13.025314928354161 ], [ 106.414720027630054, 13.025509253496582 ], [ 106.413650702914609, 13.026354688688699 ], [ 106.412451475273684, 13.027462992436361 ], [ 106.412354919600418, 13.027548951345576 ], [ 106.410935512655229, 13.028812579216007 ], [ 106.409043542851506, 13.030216184715677 ], [ 106.40776313841333, 13.031140717938625 ], [ 106.405792663507953, 13.034875961191375 ], [ 106.405778118034931, 13.035668184951337 ], [ 106.405702852326982, 13.037137620041607 ], [ 106.405603003072713, 13.038743921036616 ], [ 106.405490377445133, 13.040741278455021 ], [ 106.405401758254726, 13.042703474512081 ], [ 106.405139867599345, 13.043678972472565 ], [ 106.404704854733467, 13.044204531999691 ], [ 106.404234239826167, 13.04465118297294 ], [ 106.403776355789134, 13.045005101823437 ], [ 106.403400485859351, 13.045186812720738 ], [ 106.402766252503554, 13.045540556013982 ], [ 106.401862438272644, 13.04601893043157 ], [ 106.39460903650766, 13.049077526447299 ], [ 106.394128205339584, 13.049248490353859 ], [ 106.393588458620556, 13.049498872122157 ], [ 106.389096766916367, 13.050329854833587 ], [ 106.388498864996663, 13.050487875975106 ], [ 106.387830013235273, 13.05073780922578 ], [ 106.381758502113811, 13.054248524390655 ], [ 106.380160363238943, 13.055493306957921 ], [ 106.379524839936337, 13.056145332974648 ], [ 106.378995491286759, 13.056717690737718 ], [ 106.37861861156702, 13.057244033385974 ], [ 106.378134774159633, 13.058125775123584 ], [ 106.377719703067072, 13.0593529391169 ], [ 106.375864587221955, 13.063534889140126 ], [ 106.375439068607989, 13.064544010665673 ], [ 106.374060519319698, 13.06643171350845 ], [ 106.372788336144609, 13.068171941346582 ], [ 106.371481236827861, 13.06985471760883 ], [ 106.364760718309512, 13.077566132454749 ], [ 106.364744840667413, 13.078190989151269 ], [ 106.364715152362848, 13.078645526405413 ], [ 106.364359579511373, 13.078713448590726 ], [ 106.364156333959428, 13.078875669204661 ], [ 106.363715021890954, 13.079401800539678 ], [ 106.363459273651785, 13.079284579647336 ], [ 106.363333089709684, 13.079018855732086 ], [ 106.363197900727329, 13.079019569423144 ], [ 106.362632695062473, 13.079357657512119 ], [ 106.362500942193236, 13.079591356926588 ], [ 106.362739109642348, 13.079880265543395 ], [ 106.362489638086728, 13.08017188123395 ], [ 106.36215139022741, 13.080710086845697 ], [ 106.361656595617134, 13.080876779084397 ], [ 106.361203609850719, 13.081623847795397 ], [ 106.360928488075245, 13.081934528911829 ], [ 106.360112706725602, 13.082266991883515 ], [ 106.359607827427524, 13.082720765114285 ], [ 106.359467345012902, 13.083153909815517 ], [ 106.360158702040081, 13.083610960223764 ], [ 106.360303342391219, 13.084159242396577 ], [ 106.360076291119441, 13.085018713907385 ], [ 106.360171988348242, 13.085432141302681 ], [ 106.360582725677446, 13.085798589731334 ], [ 106.360591829381065, 13.086284477005897 ], [ 106.360549327207892, 13.086751703098424 ], [ 106.360363462500729, 13.086904143108102 ], [ 106.359712486015624, 13.086768735362853 ], [ 106.359147587684816, 13.087068320436908 ], [ 106.359187217852863, 13.087251126532818 ], [ 106.359479235323036, 13.087672414958577 ], [ 106.359467778636684, 13.087931220241632 ], [ 106.35903772583336, 13.088166986907755 ], [ 106.358545056852165, 13.088724935612541 ], [ 106.358397210155132, 13.088615418824414 ], [ 106.358369091548923, 13.088334588856274 ], [ 106.358451400510702, 13.088081721643647 ], [ 106.358167502038157, 13.088056701441396 ], [ 106.357801838149072, 13.088205046016526 ], [ 106.357487975175204, 13.088496996801403 ], [ 106.357482884487737, 13.088743146535265 ], [ 106.357602634758052, 13.089449331801493 ], [ 106.357767140616403, 13.090098484442581 ], [ 106.357762430492045, 13.090414051244576 ], [ 106.357492938780354, 13.090579551758237 ], [ 106.35677605547238, 13.090166805741303 ], [ 106.356313564731622, 13.090358563245262 ], [ 106.356276214352548, 13.090592260450158 ], [ 106.356388213443168, 13.091058675234867 ], [ 106.35627347024365, 13.091267536778751 ], [ 106.355867503319999, 13.091200250436943 ], [ 106.35557384414119, 13.091656174963997 ], [ 106.355563792957668, 13.092198182372712 ], [ 106.355044985420648, 13.092929781136858 ], [ 106.354549680939044, 13.093743748149789 ], [ 106.353808494110908, 13.094497983461489 ], [ 106.353033996546742, 13.094747264533035 ], [ 106.352542125162614, 13.094607458235972 ], [ 106.351720936661067, 13.094856979427101 ], [ 106.350828702877976, 13.095185973551073 ], [ 106.350027510651856, 13.096250143994055 ], [ 106.349461849488989, 13.097062212252771 ], [ 106.348921826029823, 13.097289914195329 ], [ 106.347855413754061, 13.097285317530153 ], [ 106.34741939740087, 13.097983700515504 ], [ 106.346888639444956, 13.098750379839966 ], [ 106.346138101629734, 13.098851481285871 ], [ 106.344990554382662, 13.098661969661222 ], [ 106.344344051633186, 13.099026953167206 ], [ 106.34410647405636, 13.099967255930371 ], [ 106.344020174313059, 13.100954232142824 ], [ 106.343398198284049, 13.101272753981283 ], [ 106.342937940980775, 13.102075221007242 ], [ 106.342547813309793, 13.102842290666803 ], [ 106.341994021298305, 13.103724346181508 ], [ 106.34128713427539, 13.104651268560255 ], [ 106.340897717341662, 13.105338100010295 ], [ 106.341259748272506, 13.105661669164126 ], [ 106.341806905930923, 13.10663969870944 ], [ 106.341801950592455, 13.10795961332091 ], [ 106.341693599631895, 13.10860204148636 ], [ 106.341468415042002, 13.109278978484616 ], [ 106.340811327708792, 13.109505015643437 ], [ 106.340423067208818, 13.109768074646787 ], [ 106.340257672233264, 13.110202870850271 ], [ 106.340021847741781, 13.110512599459081 ], [ 106.340032685856684, 13.110810873782242 ], [ 106.340324249813335, 13.111213912624171 ], [ 106.340310592681803, 13.11167278149629 ], [ 106.340109055437523, 13.112246761025457 ], [ 106.338911893545557, 13.115684923216598 ], [ 106.339179095071984, 13.116272285951988 ], [ 106.341175604883674, 13.121412628907509 ], [ 106.341162527139758, 13.12187149346704 ], [ 106.341148203711811, 13.122525862133729 ], [ 106.34101665746671, 13.129310182378561 ], [ 106.340909889751288, 13.129607938916427 ], [ 106.339327836187564, 13.132563323781604 ], [ 106.338843861109481, 13.133468744334593 ], [ 106.338665219762163, 13.134121708031349 ], [ 106.338674454429764, 13.134868617173108 ], [ 106.340971527403553, 13.147231718203512 ], [ 106.341460654085779, 13.148014543701878 ], [ 106.342149532446967, 13.148739822349539 ], [ 106.343120565138847, 13.149399212293075 ], [ 106.343598233993902, 13.150193392937155 ], [ 106.343888597436688, 13.150894758374772 ], [ 106.344155526471781, 13.151527313121944 ], [ 106.34417738109434, 13.151940792768203 ], [ 106.344233007308688, 13.152732657324169 ], [ 106.344067290293538, 13.153110956932364 ], [ 106.343760935667291, 13.153602994962618 ], [ 106.343689138196609, 13.153970632669019 ], [ 106.34402673904664, 13.154557616522 ], [ 106.344036207925683, 13.155131625535748 ], [ 106.344222709316867, 13.155499042503035 ], [ 106.344702662478667, 13.155651345400434 ], [ 106.344630719898646, 13.156098086253108 ], [ 106.344593902100499, 13.156430510456852 ], [ 106.344826509390089, 13.157005610943591 ], [ 106.344766697463982, 13.157350586045311 ], [ 106.344658931834488, 13.157889047210421 ], [ 106.34450473327523, 13.158371250129907 ], [ 106.344327343446693, 13.158829843465261 ], [ 106.344243014647319, 13.159437114581413 ], [ 106.344872663732559, 13.160289255843434 ], [ 106.345081638065054, 13.160864479338032 ], [ 106.345209213395378, 13.161209602724108 ], [ 106.345264925090149, 13.161909932890033 ], [ 106.345696852323854, 13.162451217690549 ], [ 106.346703468324591, 13.162857273119002 ], [ 106.34697048206975, 13.163501122532884 ], [ 106.347247167785568, 13.164754010466167 ], [ 106.347559556098943, 13.165892575924952 ], [ 106.347919097219759, 13.167007162086435 ], [ 106.348276882908394, 13.168432516471059 ], [ 106.34855509443949, 13.169329432788366 ], [ 106.349124121781216, 13.170685873069027 ], [ 106.349660537923015, 13.171561087907646 ], [ 106.350291556882325, 13.172022212661238 ], [ 106.351323441713916, 13.171980619799712 ], [ 106.351908411767923, 13.172350449445203 ], [ 106.352493260332125, 13.172697677417126 ], [ 106.353229740570427, 13.173252030505205 ], [ 106.354166786012684, 13.173474223499175 ], [ 106.355750112226332, 13.173365289301723 ], [ 106.35749829849307, 13.173143601080357 ], [ 106.358952405097597, 13.172920068278795 ], [ 106.360899564640206, 13.172812566127483 ], [ 106.363046050258546, 13.172569517835122 ], [ 106.365543742624865, 13.172442106335019 ], [ 106.367220850430456, 13.172299833031381 ], [ 106.369343287013621, 13.172193593374528 ], [ 106.371653827247016, 13.172008360205149 ], [ 106.373728585342121, 13.172039072466251 ], [ 106.375393573450552, 13.172103605094888 ], [ 106.377151459426059, 13.172180059377382 ], [ 106.378804082979613, 13.172405099307817 ], [ 106.380480216538871, 13.172503439487668 ], [ 106.382156729936995, 13.172463904042628 ], [ 106.384032243860787, 13.172643638478764 ], [ 106.385181415411864, 13.172544776353027 ], [ 106.386108210078945, 13.172377049202941 ], [ 106.387856711924925, 13.172016163153222 ], [ 106.389428082096302, 13.171942118593323 ], [ 106.390188770847686, 13.172278133983673 ], [ 106.391172609226885, 13.172615196894208 ], [ 106.392166218216616, 13.173354487476789 ], [ 106.392784648077551, 13.173907692067825 ], [ 106.393688501621554, 13.17391428447859 ], [ 106.394921394874544, 13.173988096328692 ], [ 106.395615537333867, 13.17427187035992 ], [ 106.396613812711422, 13.174369953932326 ], [ 106.397612545369739, 13.174548545495881 ], [ 106.398353118831324, 13.174740042422304 ], [ 106.398719006540873, 13.175094608607282 ], [ 106.398792045750511, 13.17555428859697 ], [ 106.399005739214914, 13.175978695001527 ], [ 106.399136943770031, 13.176346042199485 ], [ 106.399595036861967, 13.176401052500072 ], [ 106.400238576404249, 13.17604097864246 ], [ 106.400670577391466, 13.175636051540387 ], [ 106.400879694098577, 13.175255344897064 ], [ 106.401153345272732, 13.174836734599358 ], [ 106.401636288849787, 13.174287171090354 ], [ 106.402339615826691, 13.173970651414075 ], [ 106.40345257771564, 13.173596501845385 ], [ 106.40458887911241, 13.173199216404303 ], [ 106.405889040831212, 13.172720514969631 ], [ 106.407003697460681, 13.172645392135395 ], [ 106.408187199935441, 13.172293839829432 ], [ 106.409125712141488, 13.171676510436498 ], [ 106.409976365581642, 13.171122319828658 ], [ 106.410959349428495, 13.170283305896326 ], [ 106.411741973443355, 13.16993941583493 ], [ 106.412796938546222, 13.169692068748265 ], [ 106.413663709921806, 13.169376743120578 ], [ 106.414729020093688, 13.168887792361462 ], [ 106.415584312918014, 13.168618531841327 ], [ 106.416499876202138, 13.168624980999454 ], [ 106.417158412839839, 13.168839880278529 ], [ 106.417888697083185, 13.169284419305889 ], [ 106.418749351255471, 13.169946770441022 ], [ 106.419421949232515, 13.170564151850288 ], [ 106.419929300571795, 13.171021419145232 ], [ 106.420807084719812, 13.170436897162221 ], [ 106.422287244608412, 13.169651256903588 ], [ 106.422979130901069, 13.169550241569228 ], [ 106.424550630312268, 13.16940705377926 ], [ 106.426005637176573, 13.16916054405718 ], [ 106.428292145725806, 13.168928610259828 ], [ 106.429335699766028, 13.16892054107254 ], [ 106.429639323004736, 13.169278189197936 ], [ 106.430258712103964, 13.169899627621435 ], [ 106.43105247179227, 13.170959661531539 ], [ 106.431273665575887, 13.171419467552605 ], [ 106.431305105767777, 13.172464539930122 ], [ 106.431253386412394, 13.173784665941326 ], [ 106.431096939258964, 13.174942657157787 ], [ 106.430717268211822, 13.176284952028366 ], [ 106.430477617851381, 13.177810655680386 ], [ 106.430049040110376, 13.179668502154993 ], [ 106.429705086502395, 13.180907768314524 ], [ 106.429337102576369, 13.182179937504076 ], [ 106.428993181716109, 13.183326542451899 ], [ 106.428602350466349, 13.18443837841785 ], [ 106.428117289198525, 13.185608368566403 ], [ 106.427491009540674, 13.187086504865245 ], [ 106.42699524505511, 13.188003434450646 ], [ 106.42654525202525, 13.189356287668035 ], [ 106.426106720557499, 13.190697776566642 ], [ 106.425586274029598, 13.19193463113335 ], [ 106.425125693659069, 13.192955322367093 ], [ 106.424559089680685, 13.194089602606107 ], [ 106.423640212579897, 13.195233749523847 ], [ 106.422310083833864, 13.196859298138149 ], [ 106.421085977266841, 13.198174632358855 ], [ 106.420016302220247, 13.198973824857383 ], [ 106.418899158116517, 13.199842207157198 ], [ 106.417817017439788, 13.200882152048122 ], [ 106.417017182039999, 13.201579270285368 ], [ 106.416309751496513, 13.202701885537087 ], [ 106.415554795383088, 13.203984093705534 ], [ 106.414988786019123, 13.204832464270089 ], [ 106.414550414487067, 13.205235070454904 ], [ 106.414330258048352, 13.205437264605299 ], [ 106.413718383546907, 13.206032765726828 ], [ 106.413023180997271, 13.206879586518284 ], [ 106.412116378989708, 13.208034934125582 ], [ 106.410938944151994, 13.209362401789646 ], [ 106.409878230375767, 13.211033873056669 ], [ 106.408817541128599, 13.212510980534544 ], [ 106.407747088304745, 13.213494326189636 ], [ 106.406629087627024, 13.214534430287539 ], [ 106.405205217145379, 13.215940072046255 ], [ 106.403863991025773, 13.21727858361462 ], [ 106.402088182259078, 13.218764112001622 ], [ 106.400900575854081, 13.219540154974974 ], [ 106.400243226871865, 13.219859026677527 ], [ 106.398340410166753, 13.220619763705352 ], [ 106.397847158257164, 13.220893662443332 ], [ 106.39680132558351, 13.22155591147706 ], [ 106.395977847461154, 13.222275704406687 ], [ 106.393745100047653, 13.223541065434688 ], [ 106.39257092886254, 13.223949746416586 ], [ 106.392078979199141, 13.224147261384612 ], [ 106.391466731722574, 13.224393072933657 ], [ 106.390826725700506, 13.224632053367928 ], [ 106.390069426494421, 13.224914828895464 ], [ 106.388648481626461, 13.225540668091321 ], [ 106.387180869358986, 13.226074091600214 ], [ 106.386076972183957, 13.226472193148398 ], [ 106.384374552696244, 13.22699331473348 ], [ 106.382825216512416, 13.227458227052468 ], [ 106.381849784229203, 13.227935847959959 ], [ 106.380663214807697, 13.228608969587478 ], [ 106.379370446781792, 13.22926909841474 ], [ 106.378301636990216, 13.229758511344588 ], [ 106.376621545794521, 13.230566488947076 ], [ 106.374917866727301, 13.231489844265282 ], [ 106.373543107316081, 13.232241919712434 ], [ 106.372321178467061, 13.232891465051173 ], [ 106.371050924624939, 13.233873490773655 ], [ 106.370367089705212, 13.234834285819694 ], [ 106.369400649268016, 13.236209051536003 ], [ 106.368938539410578, 13.237424039238741 ], [ 106.368534868374084, 13.238776575744726 ], [ 106.368495587231408, 13.240005117788133 ], [ 106.368539291346082, 13.240808328018256 ], [ 106.368558262378755, 13.242036557623956 ], [ 106.368577752368878, 13.24304782079548 ], [ 106.368539365737689, 13.244023232406708 ], [ 106.368311666307108, 13.245284425048803 ], [ 106.368226177683582, 13.246191158336845 ], [ 106.367869793704642, 13.247544571993455 ], [ 106.367549742253757, 13.248381370689286 ], [ 106.366994296255484, 13.249619457546553 ], [ 106.366509276753675, 13.250765635019818 ], [ 106.366036554126367, 13.251738852645817 ], [ 106.36130656734359, 13.2601793987143 ], [ 106.360689466731188, 13.261646069478362 ], [ 106.359827344858886, 13.262824759752437 ], [ 106.358350547261395, 13.264873451132175 ], [ 106.356424914582959, 13.267642088580963 ], [ 106.354250673032865, 13.270835794659973 ], [ 106.352404671167207, 13.273938473261206 ], [ 106.351547857762469, 13.276300249419959 ], [ 106.350943116754124, 13.277514842840148 ], [ 106.351076884804058, 13.278756029521855 ], [ 106.350974707322067, 13.28020300196679 ], [ 106.350496774553818, 13.281923172942099 ], [ 106.349511610271449, 13.284031370555359 ], [ 106.348129871457871, 13.285885150076437 ], [ 106.347139608586573, 13.286970696379235 ], [ 106.346790425595643, 13.288612209208619 ], [ 106.346239287560323, 13.290768952867161 ], [ 106.345932858548437, 13.293156056184655 ], [ 106.345907833862285, 13.295522459665152 ], [ 106.346962885732466, 13.299687794517865 ], [ 106.348716828865676, 13.3026391596733 ], [ 106.349886720631133, 13.305126910238977 ], [ 106.350343233017995, 13.307346109173515 ], [ 106.350200372315271, 13.309884896735664 ], [ 106.350017407198081, 13.31330757317663 ], [ 106.349907797537213, 13.316120778690037 ], [ 106.349786976310554, 13.318888842222654 ], [ 106.350354272793211, 13.322247637694781 ], [ 106.351030777320872, 13.325008068792995 ], [ 106.352197282537702, 13.328208852767737 ], [ 106.353795659262317, 13.331663839663273 ], [ 106.355237476011027, 13.333831426873701 ], [ 106.355904986364209, 13.336099195325293 ], [ 106.356414087702021, 13.337376782346782 ], [ 106.356779908824436, 13.339033690012966 ], [ 106.357107391440053, 13.341263719579718 ], [ 106.356501011049446, 13.342822996015801 ], [ 106.355858976309733, 13.344405062741764 ], [ 106.354978872269356, 13.346651720498814 ], [ 106.354489218901378, 13.348349361911785 ], [ 106.354046171286484, 13.350024154120113 ], [ 106.353733015752312, 13.351503888455328 ], [ 106.354174816066347, 13.354263287681713 ], [ 106.354200392275999, 13.356056486188443 ], [ 106.353075122603599, 13.358117998393766 ], [ 106.352013773218729, 13.359226561846441 ], [ 106.350914512414903, 13.360782810342489 ], [ 106.35053439968415, 13.361641391242625 ], [ 106.351668874405576, 13.364336077144015 ], [ 106.35263385594908, 13.365812375006096 ], [ 106.352294772895689, 13.367717133402964 ], [ 106.352234288754644, 13.370221571063754 ], [ 106.352203952318121, 13.371404859252964 ], [ 106.352605470505907, 13.373038975437812 ], [ 106.353018786531564, 13.374614266882471 ], [ 106.353355233832517, 13.375340196404039 ], [ 106.353349081585037, 13.376409223911859 ], [ 106.353608903269006, 13.378190995898661 ], [ 106.353225704827381, 13.379636075171033 ], [ 106.352621854982146, 13.380735419472298 ], [ 106.351697062118475, 13.382546127168784 ], [ 106.350998809794461, 13.383691173440523 ], [ 106.350853817411334, 13.384494258622425 ], [ 106.351263689008221, 13.386691077431827 ], [ 106.351577828784187, 13.389312161512379 ], [ 106.351320352978362, 13.391262812399598 ], [ 106.351016005580902, 13.39329507541958 ], [ 106.350688311653371, 13.395281132148138 ], [ 106.350582364126439, 13.39749765563163 ], [ 106.350292497858248, 13.399023594226167 ], [ 106.350000014898285, 13.400391344400894 ], [ 106.358818402067882, 13.401162181893703 ], [ 106.364700194263278, 13.40211357414857 ], [ 106.367489309079616, 13.40248607766314 ], [ 106.371133338486487, 13.403091211254536 ], [ 106.374611953139734, 13.403835050968377 ], [ 106.37736494290813, 13.404447199184348 ], [ 106.380490579441627, 13.405429050273858 ], [ 106.384261128865219, 13.406449134090474 ], [ 106.38633368804318, 13.407058129670194 ], [ 106.387715419465536, 13.407467506890923 ], [ 106.390161289698923, 13.408457485981931 ], [ 106.392513163978137, 13.409458128213448 ], [ 106.394830722307717, 13.410309776915376 ], [ 106.403124930217473, 13.414180348867953 ], [ 106.404541135170575, 13.414751023386671 ], [ 106.406016127634032, 13.415207233680771 ], [ 106.418248259039956, 13.417431505915612 ], [ 106.419106681407314, 13.417068474087642 ] ] ] } }
]
}
